lon,lat
-107.8140452,37.6302699
-87.6297982,41.8781136
71.9243183,30.4911461
NA,NA
-85.6023643,44.3148443
-83.153985,42.327978
-95.712891,37.09024
NA,NA
-82.9000751,32.1656221
-81.6326234,38.3498195
NA,NA
-122.3320708,47.6062095
-82.907123,40.4172871
-78.6568942,37.4315734
-81.1637245,33.836081
NA,NA
-123.5970325,44.3818831
NA,NA
NA,NA
-89.3985283,32.3546679
-96.6397822,33.1972465
-97.2222451,34.7400809
-84.5037164,38.0405837
NA,NA
NA,NA
NA,NA
-117.1817377,46.7297771
6.1431577,46.2043907
-79.8833971,34.6976564
NA,NA
-97.7972544,32.7592955
-91.9623327,30.9842977
-80.148379,25.9812024
-82.4571776,27.950575
-76.4548626,39.3698263
121.1360819,14.5585549
NA,NA
NA,NA
-76.4730122,37.0870821
NA,NA
NA,NA
-97.2222451,34.7400809
-74.0143064,40.7878788
-90.0351167,40.5580945
NA,NA
-77.6930602,43.2097837
-77.1945247,41.2033216
NA,NA
NA,NA
4.4777326,51.9244201
NA,NA
NA,NA
151.2092955,-33.8688197
-99.9018131,31.9685988
-91.7271154,44.9974614
-90.704279,35.8422967
-95.712891,37.09024
-86.158068,39.768403
-81.5157535,27.6648274
-106.346771,56.130366
NA,NA
NA,NA
-89.0928155,30.3674198
-122.4014193,37.4337342
-76.6121893,39.2903848
-87.4163869,30.3356947
-106.346771,56.130366
-119.2920585,36.3302284
-94.5785667,39.0997265
NA,NA
-82.9000751,32.1656221
-79.3831843,43.653226
-93.7501789,32.5251516
NA,NA
NA,NA
-81.1637245,33.836081
NA,NA
-86.6513845,36.4703232
NA,NA
NA,NA
-95.4079505,29.7557306
-98.4936282,29.4241219
-118.392419,33.977036
-85.6811017,42.9851272
NA,NA
-122.6764815,45.5230622
NA,NA
NA,NA
NA,NA
NA,NA
-87.6297982,41.8781136
NA,NA
-95.712891,37.09024
NA,NA
-113.4909267,53.544389
-98.4933873,33.9137085
-121.4943996,38.5815719
NA,NA
-84.5037164,38.0405837
-95.712891,37.09024
NA,NA
-73.9212858,40.6944282
-118.7616764,34.1533395
-90.48344,41.56085
NA,NA
-78.8783689,42.8864468
-95.1765978,29.9988306
-87.2169149,30.421309
NA,NA
-120.5542012,43.8041334
-106.346771,56.130366
NA,NA
-82.6402915,27.7676008
-119.4179324,36.778261
-118.2436849,34.0522342
-74.0059728,40.7127753
NA,NA
NA,NA
-118.4104684,34.1030032
-122.3320708,47.6062095
-74.0059728,40.7127753
-74.0059728,40.7127753
NA,NA
-4.2026458,56.4906712
NA,NA
NA,NA
-69.4454689,45.253783
-95.712891,37.09024
NA,NA
-77.4605399,38.3031837
-73.9712488,40.7830603
-118.2200712,33.8958492
-117.1610838,32.715738
NA,NA
-90.1848103,32.2987573
NA,NA
-86.7816016,36.1626638
NA,NA
-74.0059728,40.7127753
-77.0368707,38.9071923
NA,NA
-95.3698028,29.7604267
-84.1250281,36.7217446
-79.3831843,43.653226
NA,NA
-81.8039998,33.5509706
-95.712891,37.09024
NA,NA
NA,NA
NA,NA
-74.0059728,40.7127753
NA,NA
-86.5804473,35.5174913
-74.0059728,40.7127753
-78.050174,36.07557
NA,NA
-79.1422464,37.4137536
-77.0368707,38.9071923
-117.1610838,32.715738
-83.0309143,40.0141905
-82.5610019,28.0243611
-73.4975412,41.2840635
NA,NA
-80.2481666,43.5448048
-77.1945247,41.2033216
-77.0010786,41.2411897
-95.712891,37.09024
NA,NA
NA,NA
-77.1945247,41.2033216
-81.5157535,27.6648274
NA,NA
NA,NA
-122.3320708,47.6062095
-94.5907857,39.0532974
-81.6943605,41.49932
-97.396381,27.8005828
NA,NA
NA,NA
NA,NA
-88.6217432,41.6458634
NA,NA
-86.7816016,36.1626638
NA,NA
-91.8318334,37.9642529
NA,NA
-84.3879824,33.7489954
-83.9207392,35.9606384
-89.3985283,40.6331249
NA,NA
-119.4153027,46.2935472
-93.2650108,44.977753
NA,NA
-89.6645266,35.042036
NA,NA
NA,NA
-78.6381787,35.7795897
-82.1587351,36.0156735
-74.0059728,40.7127753
-95.712891,37.09024
106.8855194,-6.1024527
NA,NA
-82.021985,34.987089
NA,NA
NA,NA
-75.1652215,39.9525839
-79.9958864,40.4406248
-99.9018131,31.9685988
-86.8849984,36.5092118
NA,NA
-91.3598775,41.2786364
-79.6876659,43.467517
-81.5157535,27.6648274
-90.1528519,29.9840922
NA,NA
-117.1610838,32.715738
-122.6509646,45.6156431
-122.3320708,47.6062095
-105.7820674,39.5500507
-86.1349019,40.2671941
-91.8318334,37.9642529
NA,NA
-95.971261,36.153315
-119.4179324,36.778261
NA,NA
NA,NA
NA,NA
-98.4842465,39.011902
NA,NA
-95.8593616,40.6765745
-83.8910534,41.5886629
NA,NA
-79.0192997,35.7595731
NA,NA
-77.0368707,38.9071923
-117.9242123,33.8703645
-95.7257968,32.3593117
-99.9018131,31.9685988
NA,NA
-77.2644152,41.2020171
NA,NA
NA,NA
NA,NA
NA,NA
NA,NA
NA,NA
NA,NA
-106.6700458,52.1332144
NA,NA
-93.2922989,37.2089572
NA,NA
-95.992775,36.1539816
-93.2922989,37.2089572
-86.5804473,35.5174913
NA,NA
NA,NA
NA,NA
NA,NA
NA,NA
-88.6064373,35.2336933
-71.8022934,42.2625932
NA,NA
122.740723,11.3155974
-73.8205567,45.4895636
-81.6943605,41.49932
NA,NA
-98.4933873,33.9137085
NA,NA
-91.7336846,35.2468204
NA,NA
NA,NA
NA,NA
NA,NA
NA,NA
-118.2910096,34.096032
-79.3831843,43.653226
-74.0059728,40.7127753
-95.712891,37.09024
-91.8318334,35.20105
NA,NA
-73.9865533,40.7263542
NA,NA
-79.3831843,43.653226
-79.0192997,35.7595731
NA,NA
-81.5157535,27.6648274
-77.3078782,38.5800437
-94.1185366,36.3320196
NA,NA
-96.7969879,32.7766642
NA,NA
NA,NA
NA,NA
NA,NA
-88.1070127,41.8661403
NA,NA
NA,NA
-73.8205567,45.4895636
-105.2705456,40.0149856
-95.712891,37.09024
-75.6971931,45.4215296
NA,NA
-74.0059728,40.7127753
-76.6121893,39.2903848
NA,NA
-80.4549026,38.5976262
NA,NA
NA,NA
NA,NA
-85.7769238,39.5214373
NA,NA
NA,NA
NA,NA
NA,NA
-86.2519898,41.6763545
NA,NA
-84.2700179,37.8393332
NA,NA
-87.6297982,41.8781136
-81.5157535,27.6648274
NA,NA
-122.3320708,47.6062095
-91.8318334,37.9642529
NA,NA
NA,NA
-74.3646122,40.7146376
NA,NA
-81.3792365,28.5383355
19.5033041,47.162494
NA,NA
-75.2582447,40.0104668
-95.6035396,43.6333496
-83.9737935,35.7895271
-105.0797838,39.0771893
-101.6374772,36.5956478
-95.3698028,29.7604267
-89.1528176,30.3504751
NA,NA
NA,NA
-86.158068,39.768403
-116.2420304,43.478767
-91.8318334,37.9642529
-118.2436849,34.0522342
-115.1398296,36.1699412
-105.937799,35.6869752
-122.4194155,37.7749295
NA,NA
-76.6977522,39.3359385
-79.9958864,40.4406248
-94.1736551,36.0678324
NA,NA
-88.4470508,43.7730448
72.826967,18.944847
-71.0588801,42.3600825
-122.3320708,47.6062095
-83.1843781,35.3089224
-81.5157535,27.6648274
NA,NA
NA,NA
NA,NA
-97.5164276,35.4675602
NA,NA
80.1645457,13.0236268
NA,NA
NA,NA
NA,NA
-74.0059728,40.7127753
NA,NA
-95.712891,37.09024
-82.907123,40.4172871
-73.087749,41.6032207
NA,NA
-66.590149,18.220833
NA,NA
NA,NA
NA,NA
-87.6297982,41.8781136
NA,NA
NA,NA
NA,NA
NA,NA
-115.1219028,36.1611747
NA,NA
NA,NA
-92.2895948,34.7464809
-95.3367827,29.9902199
77.5142869,12.9728508
-79.7919754,36.0726354
NA,NA
-77.6109219,43.16103
NA,NA
-86.5804473,35.5174913
NA,NA
NA,NA
-94.7160645,39.2975455
NA,NA
-91.9206505,44.9028713
-95.971261,36.153315
-71,25
-74.4056612,40.0583238
NA,NA
NA,NA
-73.9811862,40.7288601
0.0302354,5.7348119
-0.1869644,5.6037168
NA,NA
NA,NA
-83.9787808,30.8365815
-85.6023643,44.3148443
-97.3307658,32.7554883
-95.712891,37.09024
NA,NA
NA,NA
NA,NA
-74.0059728,40.7127753
-95.3698028,29.7604267
144.793731,13.444304
-97.1080656,32.735687
-81.563874,28.385233
-77.0368707,38.9071923
NA,NA
-95.712891,37.09024
NA,NA
-81.8704481,36.0711174
-95.712891,37.09024
-118.2436849,34.0522342
-81.5157535,27.6648274
NA,NA
NA,NA
-122.2011075,40.1998777
-97.5087365,25.9434529
-91.9623327,30.9842977
NA,NA
-75.6971931,45.4215296
NA,NA
-91.9623327,30.9842977
-119.4179324,36.778261
-116.3915131,43.6121087
NA,NA
-73.1112433,44.4905054
-95.712891,37.09024
-86.2813834,42.4031449
NA,NA
-75.294569,40.7749283
-77.0368707,38.9071923
-106.2800242,43.4113604
NA,NA
-81.2142561,34.7048613
NA,NA
NA,NA
NA,NA
-66.58973,6.42375
NA,NA
NA,NA
NA,NA
-92.0865068,46.8163886
-95.6307891,31.7621153
NA,NA
NA,NA
NA,NA
-118.2436849,34.0522342
NA,NA
NA,NA
-122.4194155,37.7749295
NA,NA
NA,NA
-89.3985283,40.6331249
-95.3698028,29.7604267
-118.2436849,34.0522342
NA,NA
-111.0937311,39.3209801
-95.3698028,29.7604267
NA,NA
NA,NA
NA,NA
-91.9623327,30.9842977
-96.6786131,34.2362054
-73.9441579,40.6781784
-99.9018131,31.9685988
NA,NA
NA,NA
-85.2256635,34.9947441
NA,NA
-117.1610838,32.715738
NA,NA
-78.6568942,37.4315734
-96.0806161,41.2901355
-87.6297982,41.8781136
NA,NA
NA,NA
-82.9000751,32.1656221
-86.5804473,35.5174913
NA,NA
-96.7969879,32.7766642
-81.5157535,27.6648274
-76.6121893,39.2903848
NA,NA
-72.9253805,40.9525987
-95.712891,37.09024
-112.0740373,33.4483771
NA,NA
-69.4454689,45.253783
-89.4012302,43.0730517
-74.0059728,40.7127753
-95.3900419,45.6502392
NA,NA
19.5033041,47.162494
-110.3625658,46.8796822
-89.3985283,40.6331249
NA,NA
NA,NA
-88.7900689,39.4064284
NA,NA
NA,NA
-74.0059728,40.7127753
-110.0298327,34.2542084
-95.712891,37.09024
NA,NA
-79.3831843,43.653226
-81.8723084,26.640628
NA,NA
-97.7430608,30.267153
NA,NA
-115.1929018,36.1249023
-87.6297982,41.8781136
-79.3831843,43.653226
-94.6858998,46.729553
NA,NA
NA,NA
-95.712891,37.09024
NA,NA
-95.712891,37.09024
NA,NA
NA,NA
NA,NA
-91.8318334,37.9642529
-120.8958242,38.8375215
-81.1637245,33.836081
-99.3903862,36.4336481
-95.3698028,29.7604267
-99.9018131,43.9695148
-122.4194155,37.7749295
-77.1945247,41.2033216
-122.3320708,47.6062095
-77.0469214,38.8048355
NA,NA
-96.7311034,43.5445959
NA,NA
-87.8028402,42.0189191
NA,NA
-97.7625441,35.5067215
NA,NA
-83.6874562,43.0125274
-149.4936733,64.2008413
-74.0059728,40.7127753
NA,NA
-79.3956564,43.6628917
NA,NA
-127.6476205,53.7266683
151.4435474,-33.3529519
-117.6660349,33.5520852
NA,NA
NA,NA
NA,NA
-77.1945247,41.2033216
NA,NA
-97.5164276,35.4675602
-79.8711024,43.2557206
-94.4154758,30.7752011
NA,NA
-75.1652215,39.9525839
NA,NA
-81.5157535,27.6648274
-117.5931084,34.1063989
-81.3792365,28.5383355
NA,NA
-87.6297982,41.8781136
-122.272747,37.8715926
-118.029619,34.1077
-84.2700179,37.8393332
NA,NA
-94.4546013,38.9091488
-118.2436849,34.0522342
NA,NA
-73.087749,41.6032207
-88.7878678,43.7844397
NA,NA
NA,NA
-66.58973,6.42375
-119.4179324,36.778261
NA,NA
NA,NA
NA,NA
-82.7360015,36.8059585
-92.7884871,32.5345953
-98.321061,37.9845192
-82.3688078,40.7739051
-77.297508,18.109581
NA,NA
-111.9260519,33.4941704
-0.0722785,51.6049674
-85.7801453,35.6865889
NA,NA
NA,NA
NA,NA
NA,NA
-73.8680872,42.9117377
-119.4179324,36.778261
-84.5120196,39.1031182
NA,NA
-79.0192997,35.7595731
NA,NA
-75.6971931,45.4215296
-84.3879824,33.7489954
-86.7816016,36.1626638
-79.9958864,40.4406248
NA,NA
-81.5157535,27.6648274
-91.1403196,30.4582829
NA,NA
-74.0059728,40.7127753
-80.9269984,29.0258191
-122.3320708,47.6062095
-107.2528069,33.1284047
-95.712891,37.09024
NA,NA
-79.9414266,37.2709704
-122.4194155,37.7749295
-87.6297982,41.8781136
NA,NA
-79.3831843,43.653226
NA,NA
-116.5765035,53.9332706
-122.4194155,37.7749295
NA,NA
151.7816802,-32.9282712
-94.6858998,46.729553
78.4013771,17.386887
-93.3759893,30.1688187
-117.1610838,32.715738
-118.4380477,34.1494083
-123.559387,41.6773273
NA,NA
-119.6981901,34.4208305
-86.5804473,35.5174913
-122.3916754,40.5865396
-97.092877,35.0077519
-74.4056612,40.0583238
-76.6121893,39.2903848
NA,NA
-98.4936282,29.4241219
-97.7430608,30.267153
-122.7140548,38.440429
NA,NA
-97.7430608,30.267153
-81.5134255,35.7429092
-79.3831843,43.653226
-93.2650108,44.977753
NA,NA
NA,NA
NA,NA
NA,NA
-84.276547,34.095662
-73.567256,45.5016889
NA,NA
NA,NA
NA,NA
NA,NA
-81.5157535,27.6648274
-77.0368707,38.9071923
NA,NA
-73.9829204,40.7381306
-77.1945247,41.2033216
NA,NA
-95.283276,38.970904
-95.712891,37.09024
-118.2436849,34.0522342
-93.7501789,32.5251516
NA,NA
NA,NA
-1.1743197,52.3555177
-79.0336374,38.0301356
NA,NA
NA,NA
NA,NA
-80.1917902,25.7616798
-98.2300124,26.2034071
-119.4179324,36.778261
-73.1967741,42.8781345
NA,NA
-87.6835974,30.4065868
-95.712891,37.09024
NA,NA
-81.5157535,27.6648274
NA,NA
NA,NA
-114.0708459,51.0486151
-74.4056612,40.0583238
-77.1945247,41.2033216
-82.3246094,37.6061055
-81.1637245,33.836081
-81.3792365,28.5383355
NA,NA
-88.8442674,42.2639098
NA,NA
-99.9018131,31.9685988
-86.80249,33.5206608
-97.4867028,35.3395079
-97.4867028,35.3395079
NA,NA
-43.3626721,-22.9481688
-91.8318334,35.20105
NA,NA
NA,NA
NA,NA
-91.8318334,35.20105
-76.1474244,43.0481221
-82.5306527,27.3364347
-88.8442674,42.2639098
-92.1476353,32.5184775
NA,NA
NA,NA
NA,NA
NA,NA
-106.7636538,32.3199396
NA,NA
NA,NA
NA,NA
NA,NA
-88.8442674,42.2639098
NA,NA
-95.712891,37.09024
-111.0937311,34.0489281
-84.2700179,37.8393332
-83.1649001,29.5207227
NA,NA
NA,NA
-95.712891,37.09024
-95.712891,37.09024
-87.6297982,41.8781136
-118.2436849,34.0522342
-99.9018131,31.9685988
NA,NA
-78.6568942,37.4315734
NA,NA
-111.0937311,34.0489281
-73.8205567,45.4895636
-73.9441579,40.6781784
NA,NA
-94.5785667,39.0997265
-87.6297982,41.8781136
-74.0059728,40.7127753
-111.0937311,34.0489281
-15.5474373,27.9202202
-122.412159,47.2861068
-96.7969879,32.7766642
-119.4179324,36.778261
-74.4056612,40.0583238
-119.4179324,36.778261
-0.7466134,52.0209743
NA,NA
-87.9653565,42.2393323
NA,NA
-77.0368707,38.9071923
NA,NA
-73.7948516,41.1220194
-81.2811801,28.2489016
-82.9000751,32.1656221
-91.8318334,37.9642529
-78.7989124,38.6131746
-96.6388833,32.912624
NA,NA
NA,NA
-123.9369771,49.1661909
-120.079868,34.6144313
NA,NA
-96.6786131,34.2362054
-115.1398296,36.1699412
NA,NA
NA,NA
-122.4194155,37.7749295
NA,NA
-81.2811801,28.2489016
-119.4179324,36.778261
NA,NA
-118.442596,34.0412085
-82.9000751,32.1656221
-84.5120196,39.1031182
NA,NA
NA,NA
-95.712891,37.09024
-81.1637245,33.836081
-0.9432701,51.4544162
NA,NA
-99.9018131,31.9685988
-90.0715323,29.9510658
-84.1916069,39.7589478
NA,NA
NA,NA
-71.3824374,42.4072107
-78.6568942,37.4315734
NA,NA
-87.6297982,41.8781136
NA,NA
NA,NA
-72.7420151,41.7620842
-102.4107493,34.2331373
-84.5085447,35.8809084
NA,NA
-119.2290316,34.274646
-119.4179324,36.778261
NA,NA
-71.4372796,41.7798226
NA,NA
20.6285676,50.8660773
-95.712891,37.09024
NA,NA
-101.8551665,33.5778631
-84.6052206,38.7828437
-86.39027,35.8456213
-76.6412712,39.0457549
-79.3831843,43.653226
-79.6903316,44.3893556
-91.7548473,32.4773643
-81.5157535,27.6648274
-71.542969,-35.675147
NA,NA
-119.4179324,36.778261
-84.9877094,32.4609764
-120.6596156,35.2827524
NA,NA
NA,NA
-95.712891,37.09024
-120.5542012,43.8041334
NA,NA
NA,NA
-80.1944763,40.6668589
-75.1652215,39.9525839
-74.0059728,40.7127753
-106.346771,56.130366
-91.8318334,37.9642529
NA,NA
NA,NA
-81.3792365,28.5383355
-117.9188221,33.6412156
NA,NA
-105.2210997,39.755543
-86.902298,32.3182314
-85.6023643,44.3148443
-77.0368707,38.9071923
-82.8001026,27.9658533
-102.552784,23.634501
NA,NA
-95.712891,37.09024
5.291266,52.132633
-84.3879824,33.7489954
-85.6023643,44.3148443
-94.7954783,30.057993
NA,NA
-74.5402506,40.2677539
-87.6297982,41.8781136
-73.2612615,41.1408363
NA,NA
-74.0059728,40.7127753
-95.3698028,29.7604267
NA,NA
133.775136,-25.274398
NA,NA
NA,NA
-81.6943605,41.49932
-47.8465761,-23.3492186
-94.7954783,30.057993
-117.1610838,32.715738
-76.6412712,39.0457549
-110.3187608,39.0880274
NA,NA
-91.8318334,37.9642529
-84.3879824,33.7489954
-75.977985,36.8529263
NA,NA
-84.3879824,33.7489954
-122.3320708,47.6062095
NA,NA
-85.6023643,44.3148443
NA,NA
-78.8783689,42.8864468
121.2682486,14.1773034
-91.5638053,40.6976102
-79.0192997,35.7595731
NA,NA
-92.3128886,42.4432183
-118.2436849,34.0522342
-80.2213477,40.5169767
NA,NA
NA,NA
NA,NA
NA,NA
-123.0724139,49.3199816
-118.2436849,34.0522342
NA,NA
NA,NA
-87.6297982,41.8781136
-115.1398296,36.1699412
-77.0368707,38.9071923
-77.5425986,39.8406628
-0.3818239,39.4650631
-121.2357828,38.7907339
-99.9018131,31.9685988
NA,NA
-96.6786131,34.2362054
-74.0059728,40.7127753
NA,NA
-93.097702,41.8780025
NA,NA
NA,NA
NA,NA
-93.7501789,32.5251516
-112.0740373,33.4483771
NA,NA
NA,NA
NA,NA
NA,NA
NA,NA
NA,NA
-78.898619,35.9940329
-0.1277583,51.5073509
-106.346771,56.130366
-114.0708459,51.0486151
-80.3689538,41.800611
-97.4253185,35.878937
NA,NA
NA,NA
-81.5157535,27.6648274
-80.3040424,42.8372632
-117.1610966,32.7157305
NA,NA
-119.4179324,36.778261
-81.5157535,27.6648274
-77.6611025,42.3278477
-75.6971931,45.4215296
-87.6746938,37.9582437
-76.8732921,42.3806287
NA,NA
-78.8783689,42.8864468
NA,NA
NA,NA
-94.6114667,36.5231977
NA,NA
NA,NA
NA,NA
-84.5120196,39.1031182
-80.8567501,40.9008923
-92.9593797,44.9238552
-2.13125,49.214439
-94.7404891,32.5007037
-118.3617443,34.0900091
-87.6297982,41.8781136
NA,NA
NA,NA
-95.712891,37.09024
NA,NA
NA,NA
-86.80249,33.5206608
-96.4125075,34.8789766
-115.1745559,36.1023715
-118.2436849,34.0522342
-99.9018131,31.9685988
-84.3879824,33.7489954
-89.3985283,32.3546679
-91.8318334,37.9642529
-95.712891,37.09024
-84.0043513,34.1206564
-116.419389,34.9592083
-119.4179324,36.778261
-89.2447232,38.2302951
-75.1652215,39.9525839
-76.9423672,38.5911751
-80.0533746,26.7153424
NA,NA
-122.2913078,37.8271784
-95.6349463,29.6196787
-82.9000751,32.1656221
NA,NA
-74.0059728,40.7127753
-95.712891,37.09024
NA,NA
NA,NA
NA,NA
NA,NA
-95.712891,37.09024
-116.419389,34.9592083
-112.0263313,41.1616108
NA,NA
NA,NA
-121.4943996,38.5815719
NA,NA
-82.0569249,28.8487689
NA,NA
-71.1259978,44.051441
-4.2026458,56.4906712
NA,NA
-86.7816016,36.1626638
NA,NA
NA,NA
NA,NA
-95.555513,33.6609389
-87.6166884,41.8623132
-80.9530353,46.522099
-81.5157535,27.6648274
NA,NA
-114.6276916,32.6926512
-81.8191658,38.3793695
-114.0708459,51.0486151
NA,NA
-84.2529869,38.2097987
-111.6547075,35.1851895
NA,NA
-122.3320708,47.6062095
-87.6297982,41.8781136
NA,NA
-106.346771,56.130366
-77.921719,34.207709
NA,NA
-118.0120086,33.9172357
-117.3961564,33.9533487
NA,NA
NA,NA
NA,NA
NA,NA
-91.1403196,30.4582829
-85.6023643,44.3148443
-95.3010624,32.3512601
-117.9143012,33.8365932
NA,NA
-81.5157535,27.6648274
NA,NA
-80.3582261,27.2730492
-117.1610838,32.715738
NA,NA
-86.5804473,35.5174913
NA,NA
-91.1403196,30.4582829
-79.0192997,35.7595731
-116.9337711,44.0782195
-122.3320708,47.6062095
NA,NA
-78.8314381,35.7603039
-82.907123,40.4172871
-88.7542254,35.8406225
-86.158068,39.768403
-96.8645856,32.7362591
NA,NA
-116.9337711,44.0782195
-97.3208492,32.5420821
-80.0364297,26.7056206
-93.6091064,41.6005448
NA,NA
NA,NA
-96.6786131,34.2362054
NA,NA
-73.567256,45.5016889
-118.781482,34.2694474
NA,NA
-97.5164276,35.4675602
NA,NA
-120.7401385,47.7510741
-95.712891,37.09024
NA,NA
NA,NA
-115.1398296,36.1699412
76.2144349,10.5276416
NA,NA
-77.0368707,38.9071923
NA,NA
NA,NA
-81.2452768,42.9849233
-118.0853451,33.9472359
NA,NA
NA,NA
-99.9018131,43.9695148
-97.092877,35.0077519
NA,NA
NA,NA
NA,NA
-79.0192997,35.7595731
-88.8753371,36.5008943
-85.9119215,36.9958839
NA,NA
-73.134961,40.789142
-119.7889248,36.9915398
-122.9070339,44.5365119
NA,NA
NA,NA
-95.712891,37.09024
-96.6786131,34.2362054
NA,NA
NA,NA
-118.330185,34.0998174
NA,NA
-78.866111,43.077222
77.2090212,28.6139391
NA,NA
19.145136,51.919438
NA,NA
-96.6786131,34.2362054
-106.346771,56.130366
-105.2551187,54.5259614
-0.1277583,51.5073509
-122.4598502,47.4473204
-118.781482,34.2694474
-81.3792365,28.5383355
NA,NA
-90.1994042,38.6270025
-119.4179324,36.778261
-77.4291298,39.0066993
-99.9018131,31.9685988
NA,NA
-87.6297982,41.8781136
-91.9623327,30.9842977
-74.0059728,40.7127753
-87.9653565,42.2393323
-96.6851982,40.8257625
NA,NA
-75.1652215,39.9525839
-98.187989,29.307488
-87.6297982,41.8781136
NA,NA
NA,NA
35.243322,38.963745
-87.6297982,41.8781136
-122.3320708,47.6062095
22.937506,-30.559482
-81.0998342,32.0835407
-120.5542012,43.8041334
-121.8863286,37.3382082
-75.5668166,39.6620397
-77.0307639,38.9979542
-121.5635581,37.019767
-87.6297982,41.8781136
-93.7501789,32.5251516
-90.0656311,30.3582506
-91.9623327,30.9842977
-95.712891,37.09024
NA,NA
NA,NA
-95.712891,37.09024
-99.9018131,41.4925374
NA,NA
-85.7584557,38.2526647
NA,NA
-76.6121893,39.2903848
-87.6297982,41.8781136
NA,NA
-118.2436849,34.0522342
-119.0187125,35.3732921
-97.3957793,42.0492205
NA,NA
NA,NA
NA,NA
-75.6342521,40.0784461
-81.1637245,33.836081
-122.4194155,37.7749295
-79.0192997,35.7595731
-75.4557303,43.2128473
-81.0998342,32.0835407
NA,NA
NA,NA
-117.1817377,46.7297771
-116.419389,34.9592083
-96.7969879,32.7766642
-119.4179324,36.778261
-91.9623327,30.9842977
-83.6299518,42.9275277
NA,NA
-96.948328,32.808286
-80.034783,45.3473925
-88.914102,40.482914
NA,NA
-95.712891,37.09024
NA,NA
-79.9958864,40.4406248
-122.3320708,47.6062095
-97.4394777,35.2225668
-104.990251,39.7392358
-99.9018131,31.9685988
-84.3879824,33.7489954
-77.4291298,39.0066993
-121.4240425,38.5611436
-93.2650108,44.977753
12.5683372,55.6760968
NA,NA
-97.5164276,35.4675602
-94.7954783,30.057993
-88.0111746,41.8089191
-87.7479528,41.719978
-87.9656098,41.5119761
NA,NA
-86.5804473,35.5174913
-105.8700901,34.5199402
NA,NA
NA,NA
-102.4107493,34.2331373
-120.5542012,43.8041334
-90.4531535,31.2437872
-71.0588801,42.3600825
-87.8486613,41.4958665
-87.861726,41.8347535
-88.4472948,41.6411409
-87.9370052,41.8008642
-87.9653565,42.2393323
NA,NA
NA,NA
-88.3053525,41.8875281
NA,NA
NA,NA
-88.03424,42.1103041
NA,NA
-84.3879824,33.7489954
-110.9090553,32.2073863
-106.009897,51.7778129
-90.0715323,29.9510658
NA,NA
NA,NA
NA,NA
NA,NA
-87.6297982,41.8781136
-95.712891,37.09024
-81.9570465,28.0121528
NA,NA
-80.2767327,26.6514503
-86.80249,33.5206608
NA,NA
-95.712891,37.09024
-79.0192997,35.7595731
144.9630576,-37.8136276
NA,NA
-84.2700179,37.8393332
NA,NA
NA,NA
-74.171811,40.9167654
-117.1610838,32.715738
-117.1610838,32.715738
-112.0740373,33.4483771
-89.3985283,40.6331249
-87.9403418,41.8994744
-88.0503406,41.7469749
-87.9381112,41.6000317
NA,NA
-87.8028402,42.0189191
-89.0092741,42.4133505
-88.0747875,41.801141
-87.8406192,42.0111412
-88.0934108,42.1969689
-88.3086867,41.9141945
-87.81367,41.8794758
-88.0895061,41.6475306
NA,NA
-88.3514596,41.6828074
NA,NA
NA,NA
-88.2120315,41.632223
-88.4281415,42.1680796
NA,NA
NA,NA
NA,NA
NA,NA
-73.567256,45.5016889
-123.2620435,44.5645659
-94.0596305,32.4787644
-82.9987942,39.9611755
-74.2295891,40.41483
-77.6109219,43.16103
-73.9441579,40.6781784
NA,NA
-117.8531007,33.7879139
NA,NA
NA,NA
NA,NA
-106.346771,56.130366
-74.0059728,40.7127753
NA,NA
-80.1917902,25.7616798
-117.6861023,33.6469437
NA,NA
-115.1398296,36.1699412
NA,NA
-91.7810132,41.9194471
NA,NA
-95.712891,37.09024
-87.6297982,41.8781136
-117.1610838,32.715738
-87.6297982,41.8781136
-93.7501789,32.5251516
-4.629179,55.458564
-87.6297982,41.8781136
-115.1175013,36.1988592
NA,NA
-87.9631308,42.1662831
-87.6297982,41.8781136
-86.7816016,36.1626638
-106.34979,31.796983
-115.1398296,36.1699412
-77.0368707,38.9071923
-95.712891,37.09024
-82.4571776,27.950575
-97.3307658,32.7554883
-122.6764815,45.5230622
NA,NA
-81.5157535,27.6648274
NA,NA
-118.2436849,34.0522342
-94.0376881,33.4417915
-106.7636538,32.3199396
-119.4179324,36.778261
NA,NA
NA,NA
NA,NA
73.8567437,18.5204303
-87.6297982,41.8781136
-95.3698028,29.7604267
-87.6297982,41.8781136
-87.6876969,42.0450722
-88.0683955,41.6986416
-87.7932939,41.5731442
-88.3125738,41.8500284
-87.9183919,41.7489203
NA,NA
-87.9858863,41.4225316
-87.6802748,41.9227067
-87.9006155,41.8097532
NA,NA
-87.7416246,42.0324025
-87.8539425,41.6303103
-97.4253185,35.878937
-81.3792365,28.5383355
NA,NA
-77.0368707,38.9071923
-96.7311034,43.5445959
-84.9877094,32.4609764
-80.1373174,26.1224386
NA,NA
NA,NA
NA,NA
-118.2436849,34.0522342
NA,NA
-2.9436644,53.3976041
-80.9369983,29.0963729
NA,NA
-95.712891,37.09024
NA,NA
-88.2286735,41.4294753
-87.9535534,41.8397865
-88.2825668,42.0354084
-87.9737943,41.7483483
-87.6355995,41.506146
-84.0167423,43.7109732
NA,NA
-82.6402915,27.7676008
-74.4056612,40.0583238
-86.7816016,36.1626638
NA,NA
-79.3831843,43.653226
-74.0059728,40.7127753
-115.1398296,36.1699412
-78.6568942,37.4315734
NA,NA
NA,NA
-88.3161965,42.2411344
NA,NA
NA,NA
-111.9260519,33.4941704
NA,NA
-88.3200715,41.7605849
-74.0059728,40.7127753
-87.735895,42.1080834
-102.4107493,34.2331373
-106.346771,56.130366
9.501785,56.26392
-73.7948516,40.7282239
NA,NA
178.065032,-17.713371
-95.712891,37.09024
-114.7420408,44.0682019
NA,NA
NA,NA
-118.281693,33.8316745
-89.3985283,40.6331249
-81.6528219,41.4924631
-87.9806265,42.0883603
-118.2436849,34.0522342
-87.7878408,42.0697509
-87.8003437,42.1816918
-87.8445119,42.1711365
-88.0017261,41.673642
-89.3985283,40.6331249
NA,NA
NA,NA
-104.8213634,38.8338816
-81.6998865,38.3685523
NA,NA
-83.0197279,40.0016576
NA,NA
4.7272585,50.5868024
NA,NA
-79.3831843,43.653226
-79.3831843,43.653226
-70.8226541,43.9653889
-85.7584557,38.2526647
-95.712891,37.09024
NA,NA
NA,NA
NA,NA
-84.2700179,37.8393332
NA,NA
-118.2436849,34.0522342
-81.6943605,41.49932
-4.2026458,56.4906712
-112.0740373,33.4483771
NA,NA
-76.6502468,40.2859239
25.7481511,61.92411
NA,NA
-119.4179324,36.778261
-86.7816016,36.1626638
-106.6367127,48.1969637
-95.712891,37.09024
-84.375233,33.5571944
-91.8318334,37.9642529
-95.712891,37.09024
-119.7889248,36.9915398
-96.6851982,40.8257625
-5.0527125,50.2660471
-87.1250154,39.523652
-93.4523014,42.0227184
-85.6680863,42.9633599
-102.4107493,34.2331373
-75.6374083,40.3337075
-102.4107493,34.2331373
-122.4194155,37.7749295
-95.2091006,29.6910625
NA,NA
NA,NA
-89.3985283,32.3546679
-119.4179324,36.778261
-95.712891,37.09024
NA,NA
-86.9833417,34.6059253
-102.4107493,34.2331373
-74.1448213,40.7917804
-84.3879824,33.7489954
NA,NA
-73.8648268,40.8447819
-113.8112386,52.2681118
-77.4360481,37.5407246
-87.0424393,37.750555
-74.0059728,40.7127753
-73.9441579,40.6781784
NA,NA
-94.1632404,45.5579451
-122.6764815,45.5230622
-118.2436849,34.0522342
-95.3698028,29.7604267
NA,NA
-111.6585337,40.2338438
-84.3879824,33.7489954
-119.4179324,36.778261
-88.932598,34.772535
-90.1994042,38.6270025
NA,NA
-7.6920536,53.1423672
-106.346771,56.130366
NA,NA
NA,NA
-73.8183804,41.2625965
NA,NA
-81.3304953,48.4758208
NA,NA
151.2092955,-33.8688197
-118.2922461,33.7360619
NA,NA
-102.4107493,34.2331373
-82.907123,40.4172871
NA,NA
-96.7969879,32.7766642
-87.9064736,43.0389025
-79.3831843,43.653226
-118.2436849,34.0522342
-95.712891,37.09024
-99.9018131,31.9685988
NA,NA
-98.4933873,33.9137085
-84.9341093,34.3687021
-95.712891,37.09024
-74.0059728,40.7127753
NA,NA
NA,NA
-81.3792365,28.5383355
-95.712891,37.09024
NA,NA
NA,NA
-74.0059728,40.7127753
-119.8138027,39.5296329
-78.458708,38.253749
NA,NA
-118.3525744,33.887237
-121.5635581,37.019767
-95.712891,37.09024
NA,NA
-74.0059728,40.7127753
-115.1398296,36.1699412
NA,NA
-93.5290954,40.2585908
-99.9018131,31.9685988
-112.0740373,33.4483771
-95.712891,37.09024
-77.014761,38.905309
-95.712891,37.09024
-80.8431267,35.2270869
-106.346771,56.130366
-122.4194155,37.7749295
NA,NA
-95.712891,37.09024
-122.4194155,37.7749295
NA,NA
NA,NA
NA,NA
-78.4805563,35.7876515
-86.7816016,36.1626638
-74.1637553,40.8584328
-118.2436849,34.0522342
-95.712891,37.09024
NA,NA
-84.7675139,43.5978075
-95.712891,37.09024
NA,NA
NA,NA
-99.9018131,31.9685988
-93.6091064,41.6005448
-82.3248262,29.6516344
NA,NA
25.7481511,61.92411
-85.6680863,42.9633599
-95.712891,37.09024
NA,NA
-104.9719243,39.8680412
-73.9846845,40.5957139
-95.712891,37.09024
-95.3698028,29.7604267
-83.4702132,42.3714253
-95.2303965,38.9695669
-105.0874842,39.8027644
-117.3961564,33.9533487
-74.0059728,40.7127753
NA,NA
NA,NA
-87.697554,40.122469
-122.4442906,47.2528768
-43.1728965,-22.9068467
-106.346771,56.130366
-79.6248197,43.6777176
-88.4153847,44.2619309
NA,NA
-79.3831843,43.653226
-87.9064736,43.0389025
NA,NA
-117.4260465,47.6587802
-82.9000751,32.1656221
-76.3729962,41.2967482
-82.9987942,39.9611755
39.2375507,21.2854067
-79.3831843,43.653226
NA,NA
-48.6356285,-26.9930938
-115.1745559,36.1023715
-119.4179324,36.778261
NA,NA
NA,NA
-121.5635581,37.019767
-75.6971931,45.4215296
-104.3680965,29.5600315
NA,NA
-118.1541632,34.6867846
NA,NA
-6.2603097,53.3498053
-112.0740373,33.4483771
-96.6397822,33.1972465
-83.7430378,42.2808256
-19.020835,64.963051
-95.712891,37.09024
-76.6121893,39.2903848
-96.7969879,32.7766642
-96.7055917,42.5624971
-98.4842465,39.011902
-88.0705556,30.820742
NA,NA
NA,NA
-119.4960106,49.8879519
NA,NA
NA,NA
NA,NA
-83.8888647,43.5944677
-122.0575434,37.387474
NA,NA
-118.2436849,34.0522342
NA,NA
-80.8431267,35.2270869
NA,NA
NA,NA
-82.5748194,27.4989278
NA,NA
NA,NA
NA,NA
-76.6121893,39.2903848
-84.5037164,38.0405837
NA,NA
24.96676,45.943161
-74.0059728,40.7127753
-77.0368707,38.9071923
NA,NA
NA,NA
-118.451357,34.1489719
-86.158068,39.768403
NA,NA
NA,NA
-76.5844017,38.5403996
-89.6501481,39.7817213
-73.7948516,40.7282239
-121.2357828,38.7907339
-73.824236,42.625333
NA,NA
NA,NA
-119.0187125,35.3732921
-71.0588801,42.3600825
-82.4249142,42.9708634
-74.0059728,40.7127753
-0.1277583,51.5073509
-79.3831843,43.653226
-115.1398296,36.1699412
-87.8517253,41.8239203
-73.8648268,40.8447819
-77.0368707,38.9071923
-115.298202,36.094995
-118.3926415,34.0288122
-97.092877,35.0077519
NA,NA
-95.712891,37.09024
-84.1297276,44.6522362
NA,NA
-82.9987942,39.9611755
-80.1386547,26.8233946
-122.3320708,47.6062095
NA,NA
NA,NA
NA,NA
-74.0059728,40.7127753
-120.8958242,38.8375215
-86.7816016,36.1626638
-79.3831843,43.653226
-106.346771,56.130366
NA,NA
NA,NA
9.501785,56.26392
NA,NA
-75.1652215,39.9525839
-118.2436849,34.0522342
NA,NA
-118.2436849,34.0522342
NA,NA
-118.25529,34.107345
-77.0368707,38.9071923
NA,NA
-71.3824374,42.4072107
-98.4933873,33.9137085
NA,NA
NA,NA
NA,NA
NA,NA
-95.712891,37.09024
-98.4933873,33.9137085
NA,NA
-76.8099041,18.0178743
NA,NA
-79.4648239,46.3111266
NA,NA
NA,NA
NA,NA
NA,NA
NA,NA
NA,NA
-96.7969879,32.7766642
-89.3985283,40.6331249
-95.712891,37.09024
-75.1652215,39.9525839
-87.6297982,41.8781136
NA,NA
-86.158068,39.768403
-122.4194155,37.7749295
-122.2711137,37.8043637
-74.2401609,40.8298006
NA,NA
-149.4936733,64.2008413
NA,NA
NA,NA
-105.6836389,40.3427932
-72.512921,42.137989
-73.9441579,40.6781784
NA,NA
NA,NA
-89.5889864,40.6936488
NA,NA
-84.5120196,39.1031182
NA,NA
NA,NA
-104.990251,39.7392358
-122.3320708,47.6062095
-122.4194155,37.7749295
-119.7725868,36.7468422
-95.712891,37.09024
NA,NA
-118.3286614,34.0928092
-97.1909249,37.6462806
NA,NA
-84.3879824,33.7489954
NA,NA
-87.9064736,43.0389025
-115.1398296,36.1699412
-74.0059728,40.7127753
-104.990251,39.7392358
-71.0588801,42.3600825
NA,NA
-73.567256,45.5016889
-122.4077498,37.654656
NA,NA
-84.3879824,33.7489954
NA,NA
-74.0059728,40.7127753
-117.1610838,32.715738
-97.3307658,32.7554883
NA,NA
-95.283276,38.970904
NA,NA
-75.1652215,39.9525839
NA,NA
-106.346771,56.130366
NA,NA
-86.1219155,38.2120121
-99.9018131,31.9685988
-80.8431267,35.2270869
NA,NA
-73.9712488,40.7830603
-122.4647458,37.7798704
-77.4360481,37.5407246
NA,NA
-99.9018131,31.9685988
5.291266,52.132633
-86.7816016,36.1626638
-122.4442906,47.2528768
-95.712891,37.09024
-94.1877922,36.3179139
NA,NA
NA,NA
-95.712891,37.09024
-3.17909,51.481581
NA,NA
-122.3320708,47.6062095
NA,NA
-122.7140548,38.440429
NA,NA
24.96676,45.943161
-97.2691817,32.7995738
-89.4012302,43.0730517
NA,NA
NA,NA
NA,NA
-117.4260465,47.6587802
NA,NA
8.468946,60.472024
-81.1637245,33.836081
-79.6441198,43.5890452
-76.6121893,39.2903848
-122.3320708,47.6062095
-95.712891,37.09024
15.35923,60.7467784
-99.9018131,31.9685988
-83.4148895,36.0153693
-97.4974838,25.9017472
NA,NA
-106.346771,56.130366
-37.3856581,-10.5740934
-122.4194155,37.7749295
NA,NA
-122.2653887,38.5024689
NA,NA
-106.6364848,32.0659615
NA,NA
-95.712891,37.09024
NA,NA
-96.6388833,32.912624
NA,NA
-90.0715323,29.9510658
-97.1383744,49.895136
-104.6188943,50.4452112
-96.7969879,32.7766642
NA,NA
NA,NA
-118.2436849,34.0522342
NA,NA
NA,NA
NA,NA
NA,NA
-70.922279,42.4265633
-117.086421,33.1192068
-95.7257968,32.3593117
NA,NA
NA,NA
-90.0715323,29.9510658
-122.6123142,45.3656761
NA,NA
-122.2566367,38.1040864
-90.1845388,35.1464797
NA,NA
-73.0514965,41.5581525
11.5819805,48.1351253
-119.4179324,36.778261
-73.087749,41.6032207
-87.6297982,41.8781136
-86.2519898,41.6763545
-79.4573958,43.7008237
-79.9414266,37.2709704
-77.0368707,38.9071923
-111.0937311,34.0489281
NA,NA
-84.3879824,33.7489954
NA,NA
-84.3879824,33.7489954
-122.2808355,40.3857087
-122.3320708,47.6062095
NA,NA
-95.370026,35.7475692
-95.712891,37.09024
NA,NA
-117.1610838,32.715738
128.187978,36.5701603
NA,NA
-82.4571776,27.950575
-75.6971931,45.4215296
NA,NA
-87.6297982,41.8781136
-82.445154,38.4192496
-117.0844733,33.706966
-75.4142592,40.6314858
-1.4043509,50.9097004
-96.7969879,32.7766642
-91.7271154,44.9974614
-95.712891,37.09024
-122.122163,47.671231
-122.3320708,47.6062095
-77.297508,18.109581
-117.7325848,33.9898188
-92.1735164,38.5767017
-95.3698028,29.7604267
-87.677251,34.79981
NA,NA
NA,NA
NA,NA
NA,NA
NA,NA
-96.9488945,32.8140177
-76.6121893,39.2903848
-94.7335709,38.9536174
-104.990251,39.7392358
NA,NA
-75.1652215,39.9525839
NA,NA
-74.4056612,40.0583238
-77.4874416,39.0437567
-74.663464,40.8693272
-73.134961,40.789142
-120.7401385,47.7510741
-77.8789855,34.2412768
-100.0170787,37.7527982
-82.9000751,32.1656221
-75.1652215,39.9525839
-96.1811473,48.1191353
-117.2730931,33.6850215
-81.7948103,26.1420358
-121.9780153,37.7799273
-97.092877,35.0077519
-117.3794834,33.1958696
-70.9494938,42.466763
NA,NA
-76.6121893,39.2903848
-86.7522107,33.5009384
-77.0368707,38.9071923
NA,NA
NA,NA
-75.1652215,39.9525839
-77.0368707,38.9071923
NA,NA
-97.7430608,30.267153
-121.4943996,38.5815719
NA,NA
NA,NA
-82.9000751,32.1656221
NA,NA
-87.6297982,41.8781136
-73.9441579,40.6781784
-92.7049303,45.3205199
-92.7049303,45.3205199
NA,NA
-97.1080656,32.735687
-70.8226541,43.9653889
-106.2800242,43.4113604
-90.0348139,34.9553719
-87.6297982,41.8781136
NA,NA
NA,NA
NA,NA
NA,NA
NA,NA
-75.1652215,39.9525839
-116.419389,34.9592083
-85.6023643,44.3148443
NA,NA
-111.9326491,33.4262239
-82.9987942,39.9611755
NA,NA
-80.085059,42.1292241
-79.0192997,35.7595731
-73.9712488,40.7830603
NA,NA
NA,NA
-122.8037102,45.487062
-112.3679279,33.6292337
NA,NA
28.0473051,-26.2041028
NA,NA
-122.3320708,47.6062095
NA,NA
-79.3831843,43.653226
-93.7941378,45.3055201
-82.907123,40.4172871
NA,NA
-75.6971931,45.4215296
-87.6297982,41.8781136
-96.7513929,34.2417613
-80.1917902,25.7616798
-94.1718542,36.082156
-81.5157535,27.6648274
NA,NA
-71.0588801,42.3600825
-95.3698028,29.7604267
-78.6568942,37.4315734
-85.7584557,38.2526647
-73.9441579,40.6781784
NA,NA
-118.2436849,34.0522342
NA,NA
NA,NA
NA,NA
NA,NA
-73.9441579,40.6781784
-95.712891,37.09024
-95.712891,37.09024
-78.8783689,42.8864468
NA,NA
-74.4056612,40.0583238
NA,NA
-98.1128223,32.8084605
NA,NA
-74.0059728,40.7127753
-122.3320708,47.6062095
-51.92528,-14.235004
-97.6779842,30.6332618
-122.4194155,37.7749295
-87.6297982,41.8781136
NA,NA
-81.9179173,41.4553232
-122.4194155,37.7749295
-122.5310874,37.9735346
-94.6858998,46.729553
NA,NA
-122.3320708,47.6062095
NA,NA
-95.712891,37.09024
-77.0368707,38.9071923
-95.712891,37.09024
NA,NA
-74.0059728,40.7127753
-122.3320708,47.6062095
-87.6297982,41.8781136
-80.1917902,25.7616798
NA,NA
-92.3425775,42.492786
NA,NA
-80.2377078,25.7307897
-74.1502007,40.5795317
-96.7969879,32.7766642
NA,NA
NA,NA
NA,NA
NA,NA
NA,NA
-117.9143012,33.8365932
NA,NA
NA,NA
NA,NA
NA,NA
NA,NA
NA,NA
NA,NA
NA,NA
153.0251235,-27.4697707
-1.1743197,52.3555177
NA,NA
-86.902298,32.3182314
-86.9833417,34.6059253
-79.3831843,43.653226
-98.4936282,29.4241219
-121.1786823,45.5945645
NA,NA
-111.0937311,34.0489281
-76.6412712,39.0457549
-87.6297982,41.8781136
-89.3985283,40.6331249
-86.3997167,39.7628227
-78.6568942,37.4315734
-84.2940899,34.0753762
-74.0059728,40.7127753
NA,NA
NA,NA
-73.9638997,40.7744189
NA,NA
-87.6248005,41.8903616
-119.4179324,36.778261
-111.0937311,34.0489281
-81.407571,28.2919557
-73.9638997,40.7744189
-73.9638997,40.7744189
-117.2653146,32.9594891
-118.2436849,34.0522342
-75.162868,39.9497741
NA,NA
NA,NA
-111.0937311,39.3209801
NA,NA
-82.1617883,34.1954001
-87.6297982,41.8781136
-80.4549026,38.5976262
-96.8236116,33.1506744
-105.0749801,40.3977612
-74.4056612,40.0583238
-78.744572,42.9026136
NA,NA
-74.0059728,40.7127753
-3.8080783,53.0711149
-74.0059728,40.7127753
-80.1917902,25.7616798
NA,NA
-87.7645413,41.8795055
-117.1610966,32.7157305
-95.712891,37.09024
-122.3320708,47.6062095
NA,NA
-122.4194155,37.7749295
-93.7501789,32.5251516
-93.7501789,32.5251516
NA,NA
NA,NA
-80.765358,41.1828353
-94.7976958,29.3013479
-97.3880731,32.4615291
NA,NA
-83.3527097,42.36837
-97.5164276,35.4675602
-96.7969879,32.7766642
-97.3307658,32.7554883
-81.0998342,32.0835407
-121.8863286,37.3382082
NA,NA
-87.6297982,41.8781136
-111.9260519,33.4941704
NA,NA
-42.7289236,-7.7183401
NA,NA
101.686855,3.139003
151.3693732,-33.0623336
NA,NA
NA,NA
-81.5148368,36.8348383
NA,NA
NA,NA
-85.6023643,44.3148443
-74.0059728,40.7127753
-75.1660713,39.9174351
-122.1817252,37.4529598
NA,NA
NA,NA
NA,NA
NA,NA
-80.8181404,40.3428455
-106.346771,56.130366
NA,NA
NA,NA
-76.8967043,34.9032325
-95.712891,37.09024
NA,NA
NA,NA
-95.712891,37.09024
NA,NA
NA,NA
-83.400211,42.324204
NA,NA
-81.5157535,27.6648274
-78.4678382,-0.1806532
-81.3792365,28.5383355
NA,NA
-74.0059728,40.7127753
NA,NA
NA,NA
-74.0059728,40.7127753
-95.712891,37.09024
-120.7401385,47.7510741
NA,NA
-99.9018131,31.9685988
-82.8793446,40.0192307
-80.0943113,43.9199788
-73.087749,41.6032207
-71.0588801,42.3600825
NA,NA
NA,NA
-86.6630098,30.4099215
-92.1476353,32.5184775
-79.0192997,35.7595731
-94.7404891,32.5007037
NA,NA
-104.9338675,39.8083196
-86.902298,32.3182314
-112.0740373,33.4483771
-71.4774291,41.5800945
-87.677251,34.79981
-73.9874872,40.6918913
-95.712891,37.09024
NA,NA
-119.4179324,36.778261
-99.9018131,31.9685988
-81.372195,28.562889
-83.336188,42.5921924
NA,NA
-95.712891,37.09024
NA,NA
-119.4179324,36.778261
-84.2141701,10.0159394
-106.4850217,31.7618778
-73.8648268,40.8447819
NA,NA
NA,NA
-95.712891,37.09024
-91.9623327,30.9842977
-81.5157535,27.6648274
NA,NA
-84.5499327,33.952602
-77.0368707,38.9071923
-76.4753272,39.0978681
-99.9018131,31.9685988
-121.6555013,36.6777372
-77.7952712,38.7134516
-73.7419017,40.7156628
NA,NA
-90.7195348,29.5957696
NA,NA
-74.0059728,40.7127753
-94.7151865,39.0228485
-104.990251,39.7392358
-86.158068,39.768403
-122.3320708,47.6062095
-95.712891,37.09024
112.6179387,-7.969381
-111.9507042,33.8333716
-119.4179324,36.778261
NA,NA
NA,NA
-95.712891,37.09024
28.9783589,41.0082376
NA,NA
NA,NA
7.7289624,47.5380277
-95.712891,37.09024
NA,NA
-73.9441579,40.6781784
-99.9018131,31.9685988
-86.1349019,40.2671941
-79.0192997,35.7595731
-89.7004215,40.3084762
-104.8213634,38.8338816
NA,NA
-85.6023643,44.3148443
-95.712891,37.09024
-81.3792365,28.5383355
-82.5436722,27.763383
NA,NA
NA,NA
NA,NA
-78.898619,35.9940329
NA,NA
NA,NA
-85.6023643,44.3148443
-92.2895948,34.7464809
-117.867653,33.7454725
-118.2436849,34.0522342
-5.0527125,50.2660471
-78.8636402,35.8991678
NA,NA
-81.5157535,27.6648274
NA,NA
NA,NA
-84.3879824,33.7489954
-86.2976181,33.1788378
-77.0947092,38.984652
-112.0740373,33.4483771
-97.7430608,30.267153
-118.1937395,33.7700504
-89.3985283,40.6331249
-99.9018131,31.9685988
-119.4179324,36.778261
NA,NA
-112.0740373,33.4483771
-79.3831843,43.653226
NA,NA
-103.8711895,44.49651
NA,NA
-74.0059728,40.7127753
-105.5348562,50.3915811
-73.134961,40.789142
-77.1527578,39.0839973
-119.4179324,36.778261
-75.1652215,39.9525839
-106.346771,56.130366
-98.0498107,18.2031928
NA,NA
NA,NA
-85.5107246,37.2740494
-80.8431267,35.2270869
-106.346771,56.130366
NA,NA
-71.0588801,42.3600825
NA,NA
-95.712891,37.09024
-74.0059728,40.7127753
NA,NA
-79.3831843,43.653226
-83.0457538,42.331427
-77.9819312,35.497105
-86.5804473,35.5174913
-88.019826,44.519159
NA,NA
NA,NA
NA,NA
NA,NA
-74.1502007,40.5795317
-74.0059728,40.7127753
-106.346771,56.130366
NA,NA
NA,NA
-71.0588801,42.3600825
NA,NA
-81.5157535,27.6648274
-78.8783689,42.8864468
-87.5710898,37.9715592
-95.712891,37.09024
-111.8910474,40.7607793
NA,NA
NA,NA
NA,NA
-83.1052028,42.4858692
-77.0368707,38.9071923
-105.8700901,34.5199402
-81.5157535,27.6648274
NA,NA
-73.8990252,41.5356492
NA,NA
-79.3831843,43.653226
-71.0588801,42.3600825
-71.4372796,41.7798226
NA,NA
NA,NA
NA,NA
NA,NA
-97.7430608,30.267153
-94.68748,38.9250212
NA,NA
-122.3320708,47.6062095
-87.9889556,41.931696
NA,NA
NA,NA
-122.0873174,37.7086449
-81.3509416,41.106366
-70.9660014,41.9877398
-104.990251,39.7392358
-77.1710914,38.882334
-74.4518188,40.4862157
-92.4801989,44.0121221
-71.4128343,41.8239891
-82.9000751,32.1656221
NA,NA
-105.5730665,36.4072485
-71.0588801,42.3600825
NA,NA
-86.4957833,30.3935337
-76.4730122,37.0870821
NA,NA
-119.4179324,36.778261
121.5654177,25.0329694
-118.2436849,34.0522342
-95.712891,37.09024
-81.5157535,27.6648274
-112.0740373,33.4483771
-71.0588801,42.3600825
-81.704352,41.484128
NA,NA
-96.7969879,32.7766642
-85.302974,29.8118757
-84.3879824,33.7489954
-90.0489801,35.1495343
-78.8783689,42.8864468
-122.3320708,47.6062095
-114.9817213,36.0395247
-105.2705456,40.0149856
-122.0575434,37.387474
-105.8700901,34.5199402
-117.3961564,33.9533487
-75.6971931,45.4215296
-97.1466695,31.549333
NA,NA
-77.1945247,41.2033216
-81.037297,35.2429175
71.9243183,30.4911461
NA,NA
NA,NA
-86.7816016,36.1626638
-76.6412712,39.0457549
NA,NA
-71.0588801,42.3600825
NA,NA
NA,NA
NA,NA
-106.346771,56.130366
NA,NA
NA,NA
NA,NA
NA,NA
-73.9906901,40.7702383
NA,NA
NA,NA
NA,NA
-73.7948516,40.7282239
-84.5120196,39.1031182
-94.5907857,39.0532974
NA,NA
-74.0059728,40.7127753
-111.8314724,33.4151843
-102.4107493,34.2331373
NA,NA
NA,NA
-117.1610838,32.715738
NA,NA
NA,NA
-84.7299464,38.052576
NA,NA
-87.0424393,37.750555
NA,NA
NA,NA
-90.1994042,38.6270025
-105.8700901,34.5199402
-101.2922906,48.2329668
-79.9958864,40.4406248
18.5462847,50.1021742
-95.712891,37.09024
-79.3831843,43.653226
-117.8675256,33.911386
-76.8966397,38.9340002
6.1552165,52.2660751
NA,NA
-74.1979458,39.9537358
4.469936,50.503887
NA,NA
-7.6920536,53.1423672
-115.1466648,36.0971945
-95.712891,37.09024
-95.712891,37.09024
-73.087749,41.6032207
-85.3096801,35.0456297
-81.6943605,41.49932
-71.0588801,42.3600825
NA,NA
-118.4380477,34.1494083
NA,NA
-84.1916069,39.7589478
NA,NA
NA,NA
-95.712891,37.09024
-81.3792365,28.5383355
-119.4179324,36.778261
NA,NA
-111.8314724,33.4151843
-102.4107493,34.2331373
NA,NA
-74.0059728,40.7127753
-97.7430608,30.267153
NA,NA
-112.1859866,33.5386523
-112.1859866,33.5386523
-79.9958864,40.4406248
NA,NA
NA,NA
NA,NA
NA,NA
NA,NA
NA,NA
-89.761545,35.1598391
-108.7289882,39.1588696
-74.0059728,40.7127753
NA,NA
-87.6741759,41.8806908
-101.8551665,33.5778631
NA,NA
NA,NA
-97.7430608,30.267153
-74.4518188,40.4862157
NA,NA
NA,NA
-95.712891,37.09024
-81.3444573,35.7344538
NA,NA
NA,NA
NA,NA
NA,NA
-73.942149,40.8005629
-75.6971931,45.4215296
-122.7140548,38.440429
NA,NA
-116.9625269,32.7947731
NA,NA
-87.6297982,41.8781136
-99.9018131,31.9685988
NA,NA
-76.6412712,39.0457549
-95.712891,37.09024
-86.7816016,36.1626638
-82.4571776,27.950575
NA,NA
-76.6412712,39.0457549
-106.2800242,43.4113604
-76.651193,40.285919
-71.1211635,42.3317642
NA,NA
-71.0588801,42.3600825
NA,NA
NA,NA
-97.5164276,35.4675602
NA,NA
-95.3698028,29.7604267
-82.9000751,32.1656221
-111.7733902,32.9110027
-74.0059728,40.7127753
-86.7816016,36.1626638
-74.0059728,40.7127753
-118.1937395,33.7700504
-118.2436849,34.0522342
-97.7277959,31.1171194
NA,NA
-86.1336033,40.486427
4.469936,50.503887
NA,NA
NA,NA
-73.7845651,43.0831301
-4.2026458,56.4906712
-117.3794834,33.1958696
-71.0588801,42.3600825
-75.8813075,41.2459149
-122.3320708,47.6062095
NA,NA
-71.0588801,42.3600825
NA,NA
-71.0588801,42.3600825
-122.3320708,47.6062095
-81.5157535,27.6648274
-75.1652215,39.9525839
NA,NA
-79.3831843,43.653226
-118.781482,34.2694474
NA,NA
-74.0059728,40.7127753
NA,NA
-115.1398296,36.1699412
NA,NA
-86.158068,39.768403
-94.5255605,38.9020137
8.2397608,50.0782184
-78.8783585,35.0526641
-87.9064736,43.0389025
-82.9000751,32.1656221
-80.8431267,35.2270869
NA,NA
-122.4194155,37.7749295
-72.0759105,41.5242649
-71.3824374,42.4072107
-122.3320708,47.6062095
-81.0348144,34.0007104
-77.297508,18.109581
-92.456812,31.268679
NA,NA
NA,NA
-117.1610838,32.715738
-94.5785667,39.0997265
-95.712891,37.09024
-79.3831843,43.653226
-74.0059728,40.7127753
-87.6297982,41.8781136
-74.0059728,40.7127753
-94.8327618,43.0391346
NA,NA
NA,NA
-97.7277959,31.1171194
-119.4179324,36.778261
NA,NA
-81.3578859,41.1536674
NA,NA
-85.3096801,35.0456297
-77.0909809,38.8816208
-96.7969879,32.7766642
-98.4223772,34.609528
-79.9958864,40.4406248
-122.4442906,47.2528768
-97.7430608,30.267153
-118.2436849,34.0522342
-91.8318334,35.20105
-77.0368707,38.9071923
NA,NA
NA,NA
-77.1945247,41.2033216
NA,NA
-94.6858998,46.729553
NA,NA
-95.9979883,41.2523634
-74.0059728,40.7127753
-80.1917902,25.7616798
-74.0059728,40.7127753
-96.7969879,32.7766642
-82.9987942,39.9611755
-95.3698028,29.7604267
NA,NA
NA,NA
-83.7524298,40.1083912
-7.6920536,53.1423672
NA,NA
NA,NA
-89.3985283,40.6331249
NA,NA
-97.1330683,33.2148412
NA,NA
NA,NA
-77.0368707,38.9071923
-75.977985,36.8529263
-90.0348139,34.9553719
-81.4914894,31.1499528
-88.4153847,44.2619309
-86.3953756,35.8520524
-79.3831843,43.653226
NA,NA
-73.9441579,40.6781784
NA,NA
NA,NA
-74.0059728,40.7127753
-106.6989375,44.3483072
NA,NA
-74.0059728,40.7127753
-75.1652215,39.9525839
NA,NA
-74.0059728,40.7127753
-73.9441579,40.6781784
NA,NA
-77.0368707,38.9071923
-88.7878678,43.7844397
-80.7260209,28.3542063
-89.5878579,36.876719
-95.712891,37.09024
NA,NA
-75.232664,43.100903
-122.4112349,47.2850993
-118.4911912,34.0194543
-79.6735841,41.6262707
-111.9260519,33.4941704
-95.712891,37.09024
NA,NA
-7.6920536,53.1423672
-80.4549026,38.5976262
-82.907123,40.4172871
NA,NA
-81.1637245,33.836081
NA,NA
NA,NA
-89.3985283,32.3546679
NA,NA
NA,NA
NA,NA
-104.990251,39.7392358
-83.860493,33.5967091
NA,NA
-77.0368707,38.9071923
-122.7094767,42.1945758
NA,NA
-118.2436849,34.0522342
NA,NA
-81.5157535,27.6648274
NA,NA
-111.8314724,33.4151843
NA,NA
NA,NA
-82.907123,40.4172871
-119.1951074,34.1477829
-81.3792365,28.5383355
-112.5837766,33.3703197
-112.3576567,33.4353394
-111.789027,33.3528264
NA,NA
-89.3985283,40.6331249
-93.0899578,44.9537029
NA,NA
-92.1040796,46.7207737
-95.712891,37.09024
-102.552784,23.634501
-77.0368707,38.9071923
-73.8648268,40.8447819
-74.0059728,40.7127753
-119.4179324,36.778261
-99.9018131,31.9685988
-76.1865964,42.3042402
-95.712891,37.09024
-95.712891,37.09024
NA,NA
NA,NA
-95.712891,37.09024
-74.0059728,40.7127753
-82.0105148,33.4734978
-71.0588801,42.3600825
-98.1239231,31.7037655
-97.3307658,32.7554883
-85.2944703,35.0464068
NA,NA
-77.1945247,41.2033216
NA,NA
-122.4194155,37.7749295
NA,NA
NA,NA
-95.712891,37.09024
NA,NA
NA,NA
NA,NA
-99.9018131,31.9685988
50.5577,26.0667
-95.7257968,32.3593117
-81.3961338,30.2841224
-74.4056612,40.0583238
NA,NA
-46.6333094,-23.5505199
-116.5765035,53.9332706
-122.4194155,37.7749295
-97.7430608,30.267153
NA,NA
NA,NA
-79.0192997,35.7595731
NA,NA
NA,NA
NA,NA
-96.3971233,33.9924186
-96.4597089,32.9312336
-77.6930602,43.2097837
NA,NA
-95.712891,37.09024
-94.9271868,38.8108408
-95.712891,37.09024
-95.712891,37.09024
-120.7401385,47.7510741
NA,NA
NA,NA
NA,NA
NA,NA
-95.712891,37.09024
-74.0059728,40.7127753
-81.7195533,33.5604168
NA,NA
NA,NA
-95.712891,37.09024
-95.3698028,29.7604267
-86.902298,32.3182314
-71.0588801,42.3600825
-84.5120196,39.1031182
-106.346771,56.130366
-71.0588801,42.3600825
-85.6023643,44.3148443
NA,NA
-105.7820674,39.5500507
-97.7430608,30.267153
NA,NA
-122.8238806,38.4021359
-78.6568942,37.4315734
-87.6297982,41.8781136
NA,NA
-102.4107493,34.2331373
13.1033646,46.2259177
-117.1610838,32.715738
NA,NA
NA,NA
-80.1917902,25.7616798
-79.0748668,43.0920595
-76.6123884,39.4354087
-106.346771,56.130366
-73.087749,41.6032207
-82.9987942,39.9611755
-85.8396879,33.6987134
-7.6920536,53.1423672
-79.3831843,43.653226
-95.712891,37.09024
-122.6764815,45.5230622
NA,NA
-79.3831843,43.653226
NA,NA
-96.7969879,32.7766642
-77.0368707,38.9071923
-97.5164276,35.4675602
-106.6055534,35.0853336
-76.3984537,37.0749499
-73.9441579,40.6781784
NA,NA
-79.9958864,40.4406248
-79.7967044,40.4296789
-79.9958864,40.4406248
-82.907123,40.4172871
NA,NA
-89.8295315,34.9617604
NA,NA
-71.0588801,42.3600825
-74.0059728,40.7127753
-106.346771,56.130366
NA,NA
-71.0588801,42.3600825
-118.3531311,33.9616801
-84.3879824,33.7489954
NA,NA
NA,NA
-75.1652215,39.9525839
-94.1996286,30.2657655
NA,NA
-82.4571776,27.950575
-94.8191285,38.8813958
NA,NA
NA,NA
-84.3879824,33.7489954
NA,NA
-86.7816016,36.1626638
NA,NA
-86.7816016,36.1626638
-97.586997,38.849122
-104.8213634,38.8338816
NA,NA
NA,NA
-119.8138027,39.5296329
-83.1446485,42.4894801
-85.6023643,44.3148443
-118.2436849,34.0522342
-5.93012,54.597285
NA,NA
-122.1560768,37.7249296
NA,NA
-95.3698028,29.7604267
NA,NA
NA,NA
-122.6764815,45.5230622
NA,NA
NA,NA
-86.8831606,33.4715787
NA,NA
NA,NA
NA,NA
-95.712891,37.09024
-71.1550451,41.7014912
-106.346771,56.130366
NA,NA
-82.9987942,39.9611755
-80.085059,42.1292241
-119.4179324,36.778261
-95.712891,37.09024
NA,NA
NA,NA
-79.3831843,43.653226
NA,NA
NA,NA
-118.3286614,34.0928092
-95.7257968,32.3593117
24.4412965,60.1234932
-88.1792361,41.5022339
-97.0403352,32.8998091
NA,NA
-75.1652215,39.9525839
-81.5157535,27.6648274
-122.0399663,38.2493581
-75.1652215,39.9525839
-92.4801989,44.0121221
141.358574,43.051158
-102.3676431,31.8456816
-76.3055144,40.0378755
-87.6297982,41.8781136
-83.9207392,35.9606384
NA,NA
NA,NA
NA,NA
-2.2426305,53.4807593
-85.323214,51.253775
-87.6297982,41.8781136
NA,NA
-85.323214,51.253775
-76.5018807,42.4439614
NA,NA
-72.9548342,41.8645044
-88.4487021,42.3147436
-122.3320708,47.6062095
-74.0059728,40.7127753
133.775136,-25.274398
NA,NA
-116.9325408,36.5322649
-97.7430608,30.267153
-121.8863286,37.3382082
NA,NA
78.4617219,17.4425496
NA,NA
NA,NA
-79.3831843,43.653226
18.643501,60.128161
-111.929658,40.5621704
NA,NA
35.243322,38.963745
NA,NA
NA,NA
NA,NA
NA,NA
NA,NA
-74.0059728,40.7127753
-81.2986741,28.9488761
-97.5164276,35.4675602
NA,NA
-73.9441579,40.6781784
-95.7257968,32.3593117
-89.4012302,43.0730517
NA,NA
-88.1834277,43.4252776
-73.5387341,41.0534302
-87.6297982,41.8781136
-80.8431267,35.2270869
-82.9000751,32.1656221
-81.3792365,28.5383355
-86.158068,39.768403
-117.4260465,47.6587802
-71.0588801,42.3600825
-83.9811014,34.1140497
-122.4194155,37.7749295
2.213749,46.227638
-81.6943605,41.49932
-95.712891,37.09024
NA,NA
-80.0942087,26.9342246
-80.0942087,26.9342246
-74.0059728,40.7127753
-95.712891,37.09024
-87.6297982,41.8781136
NA,NA
-79.9958864,40.4406248
NA,NA
-83.357567,33.9519347
NA,NA
-116.419389,38.8026097
-113.2728417,37.2004729
-71.3824374,42.4072107
-98.4842465,39.011902
NA,NA
-73.9712488,40.7830603
-94.5785667,39.0997265
-97.330053,37.6871761
-122.5210007,47.6248791
-95.712891,37.09024
-74.0059728,40.7127753
NA,NA
-80.9336753,26.7542312
-76.727745,39.9625984
-86.5804473,35.5174913
6.9556773,51.6818894
NA,NA
-122.2059833,47.6768927
NA,NA
NA,NA
-122.4194155,37.7749295
-71.0588801,42.3600825
NA,NA
-96.3344068,30.627977
-71.8022934,42.2625932
-111.9260519,33.4941704
NA,NA
-96.808134,33.078158
-120.5542012,43.8041334
-79.3831843,43.653226
NA,NA
-77.7924992,40.7756184
-71.4703509,43.5278546
-115.1745559,36.1023715
-87.6297982,41.8781136
-91.8318334,37.9642529
-74.0059728,40.7127753
-78.880315,43.0203347
-122.4194155,37.7749295
-68.4281104,9.7101851
-102.4107493,34.2331373
-79.0192997,35.7595731
-94.4593018,44.3144394
NA,NA
-119.4179324,36.778261
-74.0059728,40.7127753
-80.8431267,35.2270869
NA,NA
NA,NA
-81.8003918,37.3703899
-94.5785667,39.0997265
NA,NA
-85.6023643,44.3148443
-95.712891,37.09024
NA,NA
-74.0059728,40.7127753
NA,NA
NA,NA
-111.7321518,40.0443989
-71.0588801,42.3600825
-80.2767327,26.6514503
-77.1945247,41.2033216
-81.5157535,27.6648274
2.945129,43.418646
NA,NA
-76.6412712,39.0457549
21.005859,44.016521
-74.0059728,40.7127753
-97.7430608,30.267153
-112.0740373,33.4483771
-110.926479,32.2217429
NA,NA
-95.712891,37.09024
-73.7654367,40.7585569
-102.4107493,34.2331373
NA,NA
-74.0059728,40.7127753
NA,NA
-85.6023643,44.3148443
-82.907123,40.4172871
-78.8636402,35.8991678
NA,NA
-73.5387341,41.0534302
-106.346771,56.130366
25.7481511,61.92411
-81.5157535,27.6648274
-88.7878678,43.7844397
-97.3813511,31.3611019
NA,NA
-118.3443128,34.0826221
-86.100528,37.1869978
-95.712891,37.09024
-79.2468626,43.1593745
-2.3599039,51.375801
-97.6385368,35.5587725
-76.6412712,39.0457549
-74.0059728,40.7127753
-76.6412712,39.0457549
-76.8867008,40.2731911
-90.0715323,29.9510658
-74.3118212,39.9652553
-119.4179324,36.778261
-89.3985283,40.6331249
-89.7811745,30.2751945
-84.470464,42.73195
-87.6297982,41.8781136
-74.0059728,40.7127753
NA,NA
NA,NA
NA,NA
-0.2208997,51.5528933
-74.0059728,40.7127753
-77.0368707,38.9071923
-83.9844416,34.5278618
NA,NA
-94.838866,36.5603584
-95.4884746,32.6631537
NA,NA
NA,NA
-82.6483442,43.016179
-79.9958864,40.4406248
-117.1610838,32.715738
NA,NA
-74.0059728,40.7127753
-115.1745559,36.1023715
NA,NA
-73.9441579,40.6781784
-75.1652215,39.9525839
NA,NA
-80.1300455,25.790654
-74.4056612,40.0583238
-92.0198427,30.2240897
NA,NA
-92.0198427,30.2240897
-83.0457538,42.331427
-75.1652215,39.9525839
-95.712891,37.09024
NA,NA
-86.1349019,40.2671941
-78.6568942,37.4315734
NA,NA
-118.1937395,33.7700504
-81.5157535,27.6648274
-111.9260519,33.4941704
-79.3831843,43.653226
-77.0368707,38.9071923
-73.9441579,40.6781784
NA,NA
-71.3824374,42.4072107
-71.3824374,42.4072107
-73.9441579,40.6781784
NA,NA
8.675277,9.081999
-96.2880569,41.2872781
NA,NA
-91.9623327,30.9842977
NA,NA
NA,NA
-73.9464769,40.8115504
NA,NA
-84.3879824,33.7489954
NA,NA
NA,NA
-74.0059728,40.7127753
-117.1610838,32.715738
-79.6735841,41.6262707
NA,NA
-73.9734954,40.6983666
NA,NA
NA,NA
-80.085059,42.1292241
-96.7298519,32.9483335
NA,NA
-118.2436849,34.0522342
-95.712891,37.09024
-74.0059728,40.7127753
-86.2288322,30.3960324
-87.172789,38.6592152
-82.0131924,39.9403453
-82.4571776,27.950575
-97.7430608,30.267153
NA,NA
-73.5491361,52.9399159
-77.1945247,41.2033216
-86.5804473,35.5174913
NA,NA
NA,NA
-107.2528069,33.1284047
-79.0192997,35.7595731
NA,NA
-88.4153847,44.2619309
NA,NA
-97.3307658,32.7554883
-107.2528069,33.1284047
-122.3320708,47.6062095
-78.880315,43.0203347
-95.712891,37.09024
-84.8491126,36.8297937
-95.712891,37.09024
NA,NA
-69.4454689,45.253783
-84.8491126,36.8297937
-84.8491126,36.8297937
-111.0937311,39.3209801
NA,NA
NA,NA
-77.1945247,41.2033216
-121.5635581,37.019767
-89.3985283,40.6331249
-99.9018131,31.9685988
-73.5387341,41.0534302
-74.0059728,40.7127753
-74.9697707,39.7172152
NA,NA
NA,NA
NA,NA
-84.2700179,37.8393332
-75.058009,39.9562052
-71.4128343,41.8239891
NA,NA
-77.44935,43.059177
-119.0187125,35.3732921
NA,NA
-76.5168989,38.3242916
-88.7878678,43.7844397
NA,NA
NA,NA
-118.2436849,34.0522342
-80.8431267,35.2270869
-77.6109219,43.16103
-95.3698028,29.7604267
-117.1610838,32.715738
NA,NA
-83.6324022,32.8406946
-104.990251,39.7392358
-87.6297982,41.8781136
-99.9018131,31.9685988
103.9322307,1.325126
NA,NA
NA,NA
-86.7816016,36.1626638
-97.6385368,35.5587725
-85.1393513,41.079273
NA,NA
NA,NA
-96.7440467,32.7793216
NA,NA
153.0251235,-27.4697707
-90.1994042,38.6270025
NA,NA
-87.6297982,41.8781136
-75.1652215,39.9525839
-86.8647316,39.6444898
-76.8205119,42.167019
-79.9958864,40.4406248
-87.9301134,42.9308255
-84.155741,31.5785074
-89.3985283,40.6331249
-82.9987942,39.9611755
-93.0899578,44.9537029
NA,NA
NA,NA
-84.2700179,37.8393332
-1.1743197,52.3555177
NA,NA
-80.1917902,25.7616798
-71.8022934,42.2625932
-106.4508639,52.9399159
NA,NA
NA,NA
NA,NA
-98.4422802,35.1592256
-94.5907857,39.0532974
-80.3511953,33.6082184
-122.9164307,42.3759586
-3.435973,55.378051
-96.7969879,32.7766642
-122.7140548,38.440429
-4.2026458,56.4906712
-95.712891,37.09024
-102.4107493,34.2331373
-90.1994042,38.6270025
-90.1994042,38.6270025
NA,NA
-75.9927652,41.2981769
NA,NA
-79.0558445,35.9131996
NA,NA
NA,NA
5.04148,47.322047
-95.712891,37.09024
-122.9164307,42.3759586
-84.3879824,33.7489954
-85.0711174,42.9872547
NA,NA
NA,NA
-77.2403357,38.786203
NA,NA
-74.0059728,40.7127753
-81.4498717,37.2232316
-117.8132571,33.8885035
NA,NA
-97.4780954,35.6528323
NA,NA
-79.2902133,43.0581645
NA,NA
-121.6555013,36.6777372
-7.6920536,53.1423672
-81.0348144,34.0007104
-85.6023643,44.3148443
-84.3879824,33.7489954
-105.2551187,54.5259614
-86.80249,33.5206608
-72.589811,42.1014831
-94.513281,37.0842271
-87.6297982,41.8781136
-97.6222665,30.4548451
-117.8311428,33.7174708
-85.7157924,37.9883991
-72.1216163,41.8730657
-87.6297982,41.8781136
-82.8001026,27.9658533
-74.0059728,40.7127753
NA,NA
-79.1422464,37.4137536
-81.3124341,29.9012437
-99.9018131,41.4925374
NA,NA
NA,NA
-81.83569,41.3144966
NA,NA
NA,NA
NA,NA
NA,NA
NA,NA
NA,NA
NA,NA
-51.92528,-14.235004
NA,NA
-79.9958864,40.4406248
NA,NA
-117.8311428,33.7174708
-73.977029,40.7660682
NA,NA
-74.0059728,40.7127753
-90.0139908,29.9220105
-74.0059728,40.7127753
-84.1916069,39.7589478
-74.0059728,40.7127753
-95.712891,37.09024
-4.2026458,56.4906712
-94.3821724,38.9108408
NA,NA
NA,NA
NA,NA
-96.7969879,32.7766642
NA,NA
NA,NA
-70.9410356,42.2180724
NA,NA
-4.2026458,56.4906712
-74.0059728,40.7127753
-83.9207392,35.9606384
NA,NA
-95.712891,37.09024
NA,NA
-79.41297,43.767126
-74.0059728,40.7127753
-84.2482809,42.1513952
-95.712891,37.09024
7.0038923,51.4296232
-94.6169012,38.966673
-97.4314267,38.1383437
NA,NA
NA,NA
-75.1674635,39.9007674
-83.9207392,35.9606384
NA,NA
NA,NA
NA,NA
-73.7836365,40.9073297
NA,NA
-86.1349019,40.2671941
NA,NA
-94.8191285,38.8813958
-74.7429384,40.2170534
-4.2026458,56.4906712
NA,NA
-94.5918816,43.6814895
NA,NA
NA,NA
-1.3080629,51.0576948
NA,NA
-4.2026458,56.4906712
-78.6381787,35.7795897
-104.7091322,40.4233142
-122.6026799,45.3446592
-73.134961,40.789142
NA,NA
-96.7969879,32.7766642
-72.6655757,41.6572525
-82.9887477,35.4887145
NA,NA
-116.9719684,33.7475203
NA,NA
-114.9817213,36.0395247
-88.7878678,43.7844397
-4.2026458,56.4906712
-66.9036063,10.4805937
-90.1994042,38.6270025
NA,NA
-77.1945247,41.2033216
NA,NA
-82.9000751,32.1656221
-95.2330859,29.459031
NA,NA
-91.8318334,37.9642529
2.1734035,41.3850639
NA,NA
10.451526,51.165691
-84.2700179,37.8393332
-121.4943996,38.5815719
NA,NA
-99.9018131,31.9685988
NA,NA
-72.2925819,40.9978773
-93.2650108,44.977753
-117.1610838,32.715738
121.774017,12.879721
-87.6297982,41.8781136
-74.2643133,40.6645469
-76.3055144,40.0378755
-117.7499909,34.055103
NA,NA
NA,NA
-81.8723084,26.640628
-95.712891,37.09024
-79.3831843,43.653226
NA,NA
-74.0059728,40.7127753
NA,NA
-77.0368707,38.9071923
-86.902298,32.3182314
NA,NA
NA,NA
-74.7429384,40.2170534
-88.7878678,43.7844397
-84.2700179,37.8393332
-87.6297982,41.8781136
-81.1637245,33.836081
-82.5748194,27.4989278
-78.9006484,44.5337469
NA,NA
-93.2922989,37.2089572
-78.898619,35.9940329
-80.8431267,35.2270869
NA,NA
-85.7584557,38.2526647
121.774017,12.879721
NA,NA
NA,NA
NA,NA
18.643501,60.128161
NA,NA
-81.5157535,27.6648274
-83.9207392,35.9606384
78.486671,17.385044
NA,NA
-74.0059728,40.7127753
-75.924413,40.335559
-83.9296526,39.6847822
NA,NA
-76.1865964,42.3042402
-76.1865964,42.3042402
-74.967897,39.9037839
-95.712891,37.09024
NA,NA
NA,NA
NA,NA
-77.1945247,41.2033216
-93.2742048,44.958539
-94.6858998,46.729553
NA,NA
-82.907123,40.4172871
-74.0059728,40.7127753
NA,NA
NA,NA
NA,NA
-114.9817213,36.0395247
-86.5804473,35.5174913
18.643501,60.128161
-77.0368707,38.9071923
-98.6573084,29.4922794
9.537499,33.886917
NA,NA
NA,NA
NA,NA
-81.3792365,28.5383355
NA,NA
NA,NA
-83.6874562,43.0125274
-85.6680863,42.9633599
NA,NA
-73.4081575,41.117744
-81.5370671,41.4739419
NA,NA
NA,NA
-81.6943605,41.49932
28.0473051,-26.2041028
-71.6847247,41.9661165
NA,NA
NA,NA
NA,NA
NA,NA
-87.6297982,41.8781136
NA,NA
-76.6580203,39.6040114
-122.1430195,37.4418834
NA,NA
-106.2800242,43.4113604
-74.0059728,40.7127753
-118.4911912,34.0194543
NA,NA
-76.7791365,39.0067768
NA,NA
144.793731,13.444304
NA,NA
-118.4911912,34.0194543
NA,NA
NA,NA
-6.4923145,54.7877149
NA,NA
-84.2700179,37.8393332
-119.2291726,34.1819189
-77.0368707,38.9071923
NA,NA
NA,NA
18.643501,60.128161
-86.01335,39.9567548
-95.3698028,29.7604267
-82.4571776,27.950575
NA,NA
NA,NA
-77.297508,18.109581
NA,NA
-95.712891,37.09024
-78.458708,38.253749
-84.3879824,33.7489954
NA,NA
NA,NA
NA,NA
-87.6297982,41.8781136
NA,NA
NA,NA
-85.6023643,44.3148443
-6.2631149,53.3086206
-95.712891,37.09024
-122.6764815,45.5230622
-84.3879824,33.7489954
-86.80249,33.5206608
NA,NA
-7.6920536,53.1423672
NA,NA
-86.158068,39.768403
NA,NA
-88.9918979,42.2175324
-119.4179324,36.778261
0.4662071,50.8499062
NA,NA
28.9783589,41.0082376
-81.9495331,26.5628537
-86.158068,39.768403
-87.6297982,41.8781136
NA,NA
NA,NA
-95.712891,37.09024
NA,NA
-95.3698028,29.7604267
NA,NA
NA,NA
-95.3698028,29.7604267
-87.6297982,41.8781136
-111.9260519,33.4941704
NA,NA
-95.712891,37.09024
-94.6119004,38.8550077
-90.6298922,38.7874699
-80.1300455,25.790654
NA,NA
37.6172999,55.755826
NA,NA
NA,NA
-78.6805481,35.7721798
NA,NA
-86.158068,39.768403
-97.092877,35.0077519
-88.1227199,42.0629915
-79.9351805,36.1043671
-93.6091064,41.6005448
-80.1917902,25.7616798
-105.2551187,54.5259614
-94.5907857,39.0532974
-119.4179324,36.778261
-82.0282001,41.5053178
6.6544111,51.6005212
-87.6297982,41.8781136
-84.3879824,33.7489954
-97.396381,27.8005828
-74.0059728,40.7127753
-76.6412712,39.0457549
NA,NA
-88.3053525,41.8875281
NA,NA
138.252924,36.204824
-122.4194155,37.7749295
NA,NA
-84.1593413,33.7423178
NA,NA
NA,NA
133.775136,-25.274398
-114.9817213,36.0395247
NA,NA
-95.712891,37.09024
-2.13125,49.214439
-94.367996,36.8689554
-80.1917902,25.7616798
-119.4179324,36.778261
-75.2424229,39.8743959
-79.3831843,43.653226
-95.712891,37.09024
NA,NA
NA,NA
-94.6966609,44.9360731
NA,NA
-73.9441579,40.6781784
-79.0192997,35.7595731
NA,NA
-81.5157535,27.6648274
NA,NA
-86.7816016,36.1626638
-73.9441579,40.6781784
NA,NA
-95.712891,37.09024
124.3965285,11.5628579
-95.712891,37.09024
-119.4179324,36.778261
-92.2895948,34.7464809
NA,NA
-101.601303,33.136608
NA,NA
-3.1672365,55.9572641
30.5256311,39.7667061
-84.3879824,33.7489954
-74.0059728,40.7127753
-122.4194155,37.7749295
NA,NA
-104.990251,39.7392358
NA,NA
-95.3698028,29.7604267
-74.0059728,40.7127753
133.775136,-25.274398
NA,NA
NA,NA
-118.2436849,34.0522342
-2.8007399,54.046575
-7.6920536,53.1423672
NA,NA
NA,NA
NA,NA
-81.5157535,27.6648274
NA,NA
-1.519693,52.406822
-104.990251,39.7392358
2.3522219,48.856614
-95.712891,37.09024
-96.6388833,32.912624
-95.712891,37.09024
NA,NA
-120.5542012,43.8041334
-69.4454689,45.253783
-81.3578859,41.1536674
-119.4179324,36.778261
8.227512,46.818188
NA,NA
-80.6721749,28.1179545
-122.0310733,37.9779776
NA,NA
-69.4454689,45.253783
-95.712891,37.09024
-99.9018131,31.9685988
NA,NA
NA,NA
-95.4884746,32.6631537
-79.7990319,43.3255196
-74.0059728,40.7127753
-0.1601246,52.9451889
NA,NA
-95.712891,37.09024
-98.4950513,33.8648127
-95.712891,37.09024
-95.712891,37.09024
-95.4884746,32.6631537
-75.6971931,45.4215296
NA,NA
-78.6568942,37.4315734
NA,NA
-122.2913078,37.8271784
NA,NA
-73.8648268,40.8447819
-117.8311428,33.7174708
-93.6091064,41.6005448
-0.1277583,51.5073509
-79.3831843,43.653226
NA,NA
NA,NA
-81.582894,28.420169
-94.5907857,39.0532974
-95.992775,36.1539816
NA,NA
-81.582894,28.420169
NA,NA
-95.712891,37.09024
-95.712891,37.09024
NA,NA
NA,NA
-74.1723667,40.735657
-104.82228,39.677462
NA,NA
-95.712891,37.09024
-0.1601246,52.9451889
-95.712891,37.09024
NA,NA
NA,NA
-95.712891,37.09024
-83.6324022,32.8406946
-95.712891,37.09024
NA,NA
-86.5804473,35.5174913
-79.3831843,43.653226
-6.9341359,52.8365072
8.468946,60.472024
-76.8967043,34.9032325
-3.188267,55.953252
-122.4194155,37.7749295
NA,NA
NA,NA
-104.8202462,41.1399814
133.775136,-25.274398
NA,NA
0.290472,50.768035
-79.3831843,43.653226
NA,NA
NA,NA
NA,NA
-79.3831843,43.653226
NA,NA
-118.2436849,34.0522342
NA,NA
NA,NA
-81.3792365,28.5383355
NA,NA
0.290472,50.768035
-120.5542012,43.8041334
18.643501,60.128161
-87.8211854,42.5847425
NA,NA
-89.2249134,37.7090577
-114.9817213,36.0395247
-104.990251,39.7392358
NA,NA
-119.8138027,39.5296329
-121.6555013,36.6777372
-106.346771,56.130366
-120.7401385,47.7510741
-95.712891,37.09024
-97.396381,27.8005828
NA,NA
-119.4179324,36.778261
-92.2895948,34.7464809
NA,NA
-85.1797142,42.3211522
-119.4179324,36.778261
NA,NA
NA,NA
-0.1277583,51.5073509
NA,NA
NA,NA
NA,NA
NA,NA
-95.712891,37.09024
-86.3149712,32.5387448
-86.158068,39.768403
-117.688944,34.0122346
NA,NA
-77.6109219,43.16103
NA,NA
-71.3824374,42.4072107
-71.0588801,42.3600825
NA,NA
9.501785,56.26392
-87.9064736,43.0389025
-115.1398296,36.1699412
-104.990251,39.7392358
NA,NA
-3.435973,55.378051
2.2544335,41.9304373
NA,NA
-84.3879824,33.7489954
-81.688974,41.482026
-90.1994042,38.6270025
NA,NA
NA,NA
-74.0059728,40.7127753
NA,NA
-115.1398296,36.1699412
-76.6412712,39.0457549
-122.2015159,47.6101497
-74.3118212,39.9652553
-90.0489801,35.1495343
-2.6103158,53.2326344
-86.1349019,40.2671941
-102.4107493,34.2331373
-122.4781917,37.7236257
NA,NA
NA,NA
-80.0177996,40.4893637
NA,NA
-95.3698028,29.7604267
-113.4909267,53.544389
-94.7151865,39.0228485
-78.458708,38.253749
-122.6858593,45.4976211
-87.9064736,43.0389025
-80.3553302,25.8195424
-82.907123,40.4172871
127.510093,40.339852
-74.3118212,39.9652553
NA,NA
NA,NA
-77.781167,21.521757
-113.4909267,53.544389
-71.0588801,42.3600825
-71.636864,43.3243931
NA,NA
NA,NA
NA,NA
NA,NA
NA,NA
-116.419389,38.8026097
-118.3286614,34.0928092
NA,NA
-97.7430608,30.267153
-95.712891,37.09024
-118.1937395,33.7700504
-77.0368707,38.9071923
NA,NA
NA,NA
NA,NA
-74.0059728,40.7127753
-90.1994042,38.6270025
NA,NA
NA,NA
-118.2436849,34.0522342
-87.6297982,41.8781136
-6.2603097,53.3498053
-99.9018131,31.9685988
NA,NA
-118.0275667,34.0686206
-123.0350963,44.9428975
-95.712891,37.09024
NA,NA
-83.8888138,36.8664765
-89.7004215,40.3084762
NA,NA
NA,NA
-73.9441579,40.6781784
-79.9958864,40.4406248
-88.9400492,31.3493426
-75.1652215,39.9525839
-77.0368707,38.9071923
NA,NA
NA,NA
-111.9400054,33.4255104
NA,NA
NA,NA
-79.6248197,43.6777176
NA,NA
-118.2436849,34.0522342
NA,NA
NA,NA
31.0218404,-29.8586804
-86.158068,39.768403
-106.346771,56.130366
NA,NA
-118.2436849,34.0522342
-71.3161718,42.6334247
-118.2436849,34.0522342
-119.4179324,36.778261
-116.419389,34.9592083
-95.712891,37.09024
-106.4850217,31.7618778
NA,NA
NA,NA
-88.8442674,42.2639098
-118.5021527,34.2793576
-95.712891,37.09024
-79.5624195,43.1942126
NA,NA
NA,NA
-111.880771,40.8893895
-75.1652215,39.9525839
-75.1652215,39.9525839
NA,NA
NA,NA
121.774017,12.879721
-84.2700179,37.8393332
-118.2436849,34.0522342
-122.0873174,37.7086449
139.6917064,35.6894875
NA,NA
-71.4128343,41.8239891
NA,NA
-118.2436849,34.0522342
2.2544335,41.9304373
-95.712891,37.09024
-0.1277583,51.5073509
-75.1652215,39.9525839
8.468946,60.472024
-122.8037102,45.487062
-121.5635581,37.019767
-1.603411,54.95268
NA,NA
-115.0535001,48.8799647
-81.6943605,41.49932
NA,NA
NA,NA
-88.4153847,44.2619309
-118.2436849,34.0522342
NA,NA
-94.5785667,39.0997265
NA,NA
-97.307347,30.097643
-118.2436849,34.0522342
9.501785,56.26392
-76.7904649,34.7338733
NA,NA
-79.3831843,43.653226
-77.0368707,38.9071923
33.429859,35.126413
-95.712891,37.09024
NA,NA
NA,NA
NA,NA
-122.2711137,37.8043637
-117.1610838,32.715738
NA,NA
-117.8311428,33.7174708
NA,NA
NA,NA
-119.4179324,36.778261
8.8583309,9.8965273
NA,NA
-79.3853218,41.2147851
-122.3320708,47.6062095
-86.902298,32.3182314
-85.6023643,44.3148443
-96.7969879,32.7766642
-112.3679279,33.6292337
-118.2436849,34.0522342
NA,NA
-96.842718,46.880363
NA,NA
-95.712891,37.09024
-96.1513627,32.3345888
-106.2800242,43.4113604
-73.567256,45.5016889
NA,NA
NA,NA
-75.6971931,45.4215296
-93.2650108,44.977753
NA,NA
NA,NA
NA,NA
-80.1917902,25.7616798
NA,NA
-102.4107493,34.2331373
-111.0937311,34.0489281
-85.6102507,42.2837336
-82.9000751,32.1656221
-95.3698028,29.7604267
-81.4306642,31.805769
-95.712891,37.09024
NA,NA
-87.9064736,43.0389025
-74.0059728,40.7127753
-74.4056612,40.0583238
NA,NA
-96.7969879,32.7766642
77.2090212,28.6139391
-121.9485937,36.5725286
-74.0059728,40.7127753
NA,NA
NA,NA
-117.1610838,32.715738
NA,NA
NA,NA
NA,NA
-119.1390642,34.3704884
-81.3875817,30.1774649
NA,NA
NA,NA
-94.9027002,29.383845
-95.712891,37.09024
NA,NA
-120.5542012,43.8041334
NA,NA
-99.9018131,31.9685988
8.227512,46.818188
-97.7430608,30.267153
-80.908839,35.240797
-74.4056612,40.0583238
NA,NA
NA,NA
NA,NA
-96.7969879,32.7766642
NA,NA
-96.7969879,32.7766642
NA,NA
-82.5196037,40.0681192
-97.7430608,30.267153
-122.272747,37.8715926
-79.3831843,43.653226
NA,NA
-99.9018131,31.9685988
-120.9968782,37.6390972
-95.9618958,36.0404924
NA,NA
-73.087749,41.6032207
-89.3985283,40.6331249
-95.712891,37.09024
-74.0059728,40.7127753
NA,NA
-122.7140548,38.440429
-119.7889248,36.9915398
-112.0740373,33.4483771
-75.1652215,39.9525839
-79.9351805,36.1043671
NA,NA
NA,NA
-122.8037102,45.487062
-122.6706498,45.4206749
-122.4486119,45.5059203
-122.6067584,45.3573429
NA,NA
-83.9207392,35.9606384
-77.1945247,41.2033216
-84.3879824,33.7489954
-122.4332992,42.7976791
-77.0044398,38.8906424
-77.0441143,35.108493
-95.712891,37.09024
NA,NA
-82.5514869,35.5950581
-99.9018131,31.9685988
-117.1610838,32.715738
NA,NA
-95.712891,37.09024
-95.712891,37.09024
-89.3985283,40.6331249
-106.346771,56.130366
NA,NA
NA,NA
NA,NA
-81.4586015,43.980329
-119.4179324,36.778261
-74.0059728,40.7127753
NA,NA
-74.0059728,40.7127753
-74.0059728,40.7127753
-74.0059728,40.7127753
-74.0059728,40.7127753
-95.712891,37.09024
-74.0059728,40.7127753
-95.712891,37.09024
-80.8431267,35.2270869
NA,NA
-117.1610838,32.715738
NA,NA
-74.0059728,40.7127753
NA,NA
NA,NA
-87.6297982,41.8781136
-82.3540178,31.2135511
-81.3792365,28.5383355
-99.9018131,31.9685988
-95.712891,37.09024
-71.0096381,42.3656398
-112.0740373,33.4483771
-119.4179324,36.778261
-74.0059728,40.7127753
-95.712891,37.09024
-117.1610838,32.715738
-122.3320708,47.6062095
-80.8075537,28.6122187
-81.6943605,41.49932
-106.346771,56.130366
-95.712891,37.09024
-75.1652215,39.9525839
-94.5165913,32.3159894
NA,NA
-118.2436849,34.0522342
-95.712891,37.09024
-106.346771,56.130366
-117.7499909,34.055103
-74.0059728,40.7127753
NA,NA
-87.8211854,42.5847425
-95.712891,37.09024
-84.9877094,32.4609764
NA,NA
-122.4194155,37.7749295
NA,NA
-115.1398296,36.1699412
-81.3792365,28.5383355
-82.8309861,36.1631574
-95.712891,37.09024
NA,NA
-122.0326191,47.5301011
NA,NA
NA,NA
-95.712891,37.09024
-97.5087365,25.9434529
-80.1917902,25.7616798
-122.6764815,45.5230622
-122.6764815,45.5230622
NA,NA
-75.1652215,39.9525839
-120.7401385,47.7510741
NA,NA
-87.9334118,42.5530753
NA,NA
-74.0059728,40.7127753
-72.6850932,41.7637111
NA,NA
NA,NA
-95.712891,37.09024
-94.5785667,39.0997265
-94.5785667,39.0997265
-94.729097,31.3382406
NA,NA
-81.1637245,33.836081
NA,NA
-71.0588801,42.3600825
NA,NA
-95.4624295,32.656913
-81.3792365,28.5383355
NA,NA
NA,NA
-83.0197279,40.0016576
-85.7584557,38.2526647
-73.9441579,40.6781784
-102.4107493,34.2331373
77.2090212,28.6139391
-82.9987942,39.9611755
-95.1057625,29.3780129
-118.2436849,34.0522342
NA,NA
-95.712891,37.09024
NA,NA
-73.9755335,40.7508121
NA,NA
-97.1330683,33.2148412
-95.712891,37.09024
-122.2913078,37.8271784
144.9630576,-37.8136276
-117.1610838,32.715738
-95.712891,37.09024
NA,NA
NA,NA
-93.6091064,41.6005448
NA,NA
-82.9987942,39.9611755
NA,NA
-122.2170661,47.4828776
NA,NA
NA,NA
-77.9447102,34.2257255
NA,NA
-118.2436849,34.0522342
NA,NA
-74.0059728,40.7127753
-122.6764815,45.5230622
-95.712891,37.09024
-79.3831843,43.653226
-94.6858998,46.729553
-74.4056612,40.0583238
-0.1923088,51.4925144
-0.1923088,51.4925144
-0.174936,51.485093
NA,NA
NA,NA
-119.4179324,36.778261
NA,NA
NA,NA
-122.3320708,47.6062095
-76.6121893,39.2903848
-101.8312969,35.2219971
NA,NA
-73.9712488,40.7830603
-79.0192997,35.7595731
-122.6764815,45.5230622
NA,NA
NA,NA
-87.6297982,41.8781136
30.3350986,59.9342802
-90.4611995,30.5043583
-82.9507363,39.8789527
-115.1398296,36.1699412
-74.0059728,40.7127753
-86.158068,39.768403
-80.4549026,38.5976262
NA,NA
NA,NA
NA,NA
NA,NA
-85.6023643,44.3148443
NA,NA
-74.0059728,40.7127753
-74.0059728,40.7127753
-86.158068,39.768403
NA,NA
-112.0740373,33.4483771
NA,NA
-97.6385368,35.5587725
NA,NA
-120.5542012,43.8041334
-87.6297982,41.8781136
NA,NA
NA,NA
-73.567256,45.5016889
-99.9018131,31.9685988
-86.1349019,40.2671941
-95.712891,37.09024
-88.4153847,44.2619309
-118.1937395,33.7700504
-82.5514869,35.5950581
NA,NA
-106.346771,56.130366
-122.0607963,37.9479786
NA,NA
NA,NA
-115.1398296,36.1699412
-112.3496021,33.4355977
NA,NA
14.550072,47.516231
-90.5116678,41.5075765
-88.0111746,41.8089191
-78.4766781,38.0293059
-122.2913078,37.8271784
NA,NA
NA,NA
-83.2720082,42.2164077
-71.512617,41.8205199
-73.9554159,41.1181514
NA,NA
NA,NA
-118.2436849,34.0522342
NA,NA
-84.3879824,33.7489954
NA,NA
NA,NA
NA,NA
-76.920647,38.706338
NA,NA
-87.6297982,41.8781136
NA,NA
-118.2436849,34.0522342
-82.9987942,39.9611755
-82.907123,40.4172871
-83.2720082,42.2164077
NA,NA
-95.712891,37.09024
-78.4766781,38.0293059
-71.5723953,43.1938516
-95.3698028,29.7604267
-117.1610838,32.715738
-74.0059728,40.7127753
-74.0059728,40.7127753
-79.3831843,43.653226
NA,NA
NA,NA
-121.6555013,36.6777372
NA,NA
NA,NA
-87.6297982,41.8781136
NA,NA
NA,NA
NA,NA
NA,NA
-119.0187125,35.3732921
-107.2902839,43.0759678
NA,NA
-118.4732464,34.0521011
NA,NA
-74.0059728,40.7127753
-96.9944489,32.482361
NA,NA
-0.7035195,52.0144784
NA,NA
NA,NA
NA,NA
NA,NA
NA,NA
NA,NA
NA,NA
-111.9880199,40.7434064
-97.4394777,35.2225668
NA,NA
-95.712891,37.09024
-95.2303965,38.9695669
-119.0187125,35.3732921
NA,NA
-76.94416,39.60183
NA,NA
-121.5635581,37.019767
NA,NA
-88.7878678,43.7844397
-118.2436849,34.0522342
-99.9018131,31.9685988
NA,NA
-111.8314724,33.4151843
NA,NA
-97.5164276,35.4675602
NA,NA
NA,NA
NA,NA
-75.1632937,40.0119395
-85.2649754,41.4414384
-118.451357,34.1898566
NA,NA
-74.1854209,40.8067546
-117.9143012,33.8365932
-95.712891,37.09024
-122.3320708,47.6062095
NA,NA
-74.0059728,40.7127753
-83.6324022,32.8406946
-120.609084,37.3477174
-121.4943996,38.5815719
-105.2551187,54.5259614
NA,NA
NA,NA
NA,NA
-108.7621316,35.2216941
NA,NA
-97.9908366,26.1595194
-82.9987942,39.9611755
-95.712891,37.09024
-74.0059728,40.7127753
-85.6023643,44.3148443
-106.346771,56.130366
NA,NA
-79.3831843,43.653226
-95.993391,35.958334
-86.1349019,40.2671941
NA,NA
-99.9018131,31.9685988
76.5761714,33.778175
-106.346771,56.130366
-78.7394297,35.4083372
-122.9888319,38.5779555
-95.712891,37.09024
-91.6656232,41.9778795
-122.4194155,37.7749295
-105.1925466,39.6289336
NA,NA
-80.8431267,35.2270869
NA,NA
-118.2436849,34.0522342
-118.3964665,34.0211224
-118.2436849,34.0522342
NA,NA
NA,NA
-82.9987942,39.9611755
-117.8311428,33.7174708
NA,NA
-95.712891,37.09024
-76.6412712,39.0457549
-119.4179324,36.778261
-114.3717887,62.4539717
-83.6129939,42.2411499
-111.9880199,40.7434064
-0.1277583,51.5073509
NA,NA
NA,NA
-90.0489801,35.1495343
-93.3686555,43.6478006
-92.1193012,32.5093109
NA,NA
NA,NA
-120.8499924,35.3659445
NA,NA
22.937506,-30.559482
-81.5157535,27.6648274
-106.4850217,31.7618778
-121.8846806,38.0279762
-95.3698028,29.7604267
-75.1567883,38.7305685
-79.9958864,40.4406248
-92.1476353,32.5184775
-83.6270896,35.9745743
NA,NA
-102.4107493,34.2331373
-89.3985283,40.6331249
-109.7869527,44.2642998
-97.938351,29.888411
NA,NA
-81.3792365,28.5383355
-77.4083086,38.4220687
-73.134961,40.789142
-77.0368707,38.9071923
NA,NA
-122.6269768,47.5650067
NA,NA
NA,NA
-81.3792365,28.5383355
-117.8311428,33.7174708
-73.134961,40.789142
-77.3832315,44.1627589
NA,NA
-99.9018131,31.9685988
-86.902298,32.3182314
NA,NA
-77.60625,35.0387149
NA,NA
NA,NA
NA,NA
NA,NA
-79.0192997,35.7595731
NA,NA
-95.3698028,29.7604267
-97.3967019,35.4495065
NA,NA
NA,NA
NA,NA
NA,NA
NA,NA
-71.3273346,42.8806437
-71.0588801,42.3600825
-95.712891,37.09024
-81.3792365,28.5383355
-118.4732464,34.0521011
-93.2922989,37.2089572
-89.7811745,30.2751945
-78.520073,35.7210425
-96.7969879,32.7766642
-83.7382241,42.2780436
-95.712891,37.09024
-75.6971931,45.4215296
-111.0937311,34.0489281
-98.4422802,35.1592256
-97.8534789,22.3116312
-120.4829677,37.3021632
-97.647498,29.6805066
-122.2913078,37.8271784
-89.3985283,40.6331249
-81.0856261,36.093959
NA,NA
139.7523007,35.9751984
NA,NA
NA,NA
NA,NA
-83.985,42.43472
NA,NA
NA,NA
-95.712891,37.09024
-82.9987942,39.9611755
NA,NA
-120.5542012,43.8041334
NA,NA
121.4737021,31.2303904
-104.990251,39.7392358
-118.530123,34.2381251
-96.8313978,39.0286093
-90.1994042,38.6270025
-75.5276699,38.9108325
-110.926479,32.2217429
NA,NA
-79.6318887,43.5230563
NA,NA
-96.7898034,46.8771863
-73.6542547,40.6957148
-122.2711137,37.8043637
-74.0143064,40.7878788
-96.3699632,30.6743643
-120.612393,35.0988648
NA,NA
-82.6402915,27.7676008
NA,NA
NA,NA
NA,NA
-86.158068,39.768403
NA,NA
-79.0478143,33.8360034
NA,NA
-87.9089204,39.0019867
-95.4884746,32.6631537
NA,NA
NA,NA
NA,NA
-103.3496092,20.6596988
-106.346771,56.130366
-119.4179324,36.778261
-90.1994042,38.6270025
NA,NA
-90.1848103,32.2987573
-97.433948,32.720344
-97.3307658,32.7554883
-74.0059728,40.7127753
-118.281693,33.8316745
NA,NA
NA,NA
-118.2436849,34.0522342
-91.8318334,37.9642529
-96.4852444,31.0260194
-96.2368465,41.2831958
-122.2852473,37.831316
-77.0368707,38.9071923
NA,NA
NA,NA
-93.793048,47.3328773
-82.9987942,39.9611755
-119.5588208,49.9473663
-79.7990319,43.3255196
NA,NA
NA,NA
NA,NA
-117.8311428,33.7174708
-95.712891,37.09024
-119.6981901,34.4208305
-81.4951731,41.0691567
-77.0368707,38.9071923
-97.7430608,30.267153
-82.907123,40.4172871
-79.0192997,35.7595731
NA,NA
25.7481511,61.92411
-75.071284,39.9181686
-71.0634205,42.3751919
NA,NA
NA,NA
-81.3792365,28.5383355
NA,NA
NA,NA
-83.0457538,42.331427
8.468946,60.472024
NA,NA
-80.2213477,40.5169767
-119.4179324,36.778261
-75.5243682,39.158168
-117.3961564,33.9533487
NA,NA
-111.8389726,40.5649781
NA,NA
NA,NA
-89.3985283,40.6331249
NA,NA
-119.5937077,49.4991381
-119.2720107,50.2670137
-75.015152,-9.189967
NA,NA
-76.6412712,39.0457549
NA,NA
NA,NA
-73.9441579,40.6781784
-97.3307658,32.7554883
-102.552784,23.634501
-85.6023643,44.3148443
-71.1369959,42.452303
-79.3831843,43.653226
NA,NA
-104.9371993,40.0991506
NA,NA
-111.2833449,47.4941836
NA,NA
-94.47736,37.066727
-96.6388833,32.912624
-120.5542012,43.8041334
NA,NA
-87.0611412,41.4730948
-84.2963123,33.7748275
-112.5092624,33.3946609
NA,NA
NA,NA
-81.5157535,27.6648274
-73.9865533,40.7263542
NA,NA
-115.1745559,36.1023715
NA,NA
NA,NA
NA,NA
-108.6851431,43.2726768
NA,NA
-119.4179324,36.778261
-86.158068,39.768403
NA,NA
-74.1719911,40.0605836
NA,NA
-81.5190053,41.0814447
-72.6239953,41.7203492
-119.4179324,36.778261
-85.9666534,40.478094
NA,NA
-99.9018131,31.9685988
-87.9064736,43.0389025
NA,NA
NA,NA
NA,NA
NA,NA
-82.9460133,39.600618
-81.0729922,34.009949
-71.0588801,42.3600825
NA,NA
-122.3320708,47.6062095
NA,NA
-97.3307658,32.7554883
NA,NA
-95.712891,37.09024
-118.4003563,34.0736204
-118.2436849,34.0522342
NA,NA
-118.369159,34.0757497
NA,NA
NA,NA
-97.7430608,30.267153
NA,NA
NA,NA
-87.2550353,41.5322592
NA,NA
NA,NA
NA,NA
-95.712891,37.09024
NA,NA
NA,NA
144.9630576,-37.8136276
NA,NA
NA,NA
NA,NA
-94.5785667,39.0997265
-112.027099,41.155075
-97.0037022,32.7605037
NA,NA
-74.0059728,40.7127753
-81.6943605,41.49932
NA,NA
-114.6276916,32.6926512
-89.3985283,32.3546679
-80.2962555,26.007765
-117.1825381,34.0555693
-90.0489801,35.1495343
-87.9497102,42.9572074
-116.7804664,47.6776832
-86.3566659,40.7544843
NA,NA
-93.7501789,32.5251516
-121.822098,36.6149217
-82.3534727,36.3134397
NA,NA
NA,NA
NA,NA
-77.2497049,38.6581722
-81.5157535,27.6648274
-81.3773819,32.1637643
-89.3985283,32.3546679
-84.3615555,34.0232431
NA,NA
-95.3698028,29.7604267
-95.712891,37.09024
-121.9566267,36.9880057
-95.712891,37.09024
-121.2907796,37.9577016
NA,NA
-121.4943996,38.5815719
NA,NA
-82.9000751,32.1656221
NA,NA
-112.4685025,34.5400242
NA,NA
-94.3985475,35.3859242
-95.3698028,29.7604267
-79.6441198,43.5890452
-86.80249,33.5206608
-121.822098,36.6149217
-71.4774291,41.5800945
-122.4194155,37.7749295
NA,NA
NA,NA
-75.1567883,38.7305685
-106.346771,56.130366
-87.6297982,41.8781136
NA,NA
-81.5157535,27.6648274
NA,NA
NA,NA
-80.365865,26.190096
-122.9337615,44.942554
-118.1631891,33.8301766
-102.5832426,22.7708555
-76.5018807,42.4439614
-82.907123,40.4172871
NA,NA
-82.8001026,27.9658533
-95.3698028,29.7604267
-86.158068,39.768403
NA,NA
-87.8211854,42.5847425
-81.2081203,28.669997
-121.6169108,39.1404477
NA,NA
-73.9348698,40.6055157
NA,NA
-79.0192997,35.7595731
-104.990251,39.7392358
-89.9839935,38.5200504
-77.6109219,43.16103
-73.087749,41.6032207
-118.3964665,34.0211224
NA,NA
NA,NA
-106.346771,56.130366
-97.092877,35.0077519
NA,NA
-82.907123,40.4172871
NA,NA
-93.7501789,32.5251516
-118.2436849,34.0522342
NA,NA
-82.345189,27.4799195
-84.3879824,33.7489954
-115.1398296,36.1699412
-83.985,42.43472
-83.2841304,42.542714
NA,NA
NA,NA
NA,NA
-76.1474244,43.0481221
NA,NA
NA,NA
-119.4179324,36.778261
-85.3863599,40.1933767
NA,NA
NA,NA
-83.985,42.43472
-81.1280714,29.1416823
-74.0059728,40.7127753
-95.3698028,29.7604267
-75.1652215,39.9525839
-96.7969879,32.7766642
-96.7969879,32.7766642
NA,NA
NA,NA
NA,NA
NA,NA
-71.4128343,41.8239891
NA,NA
NA,NA
NA,NA
NA,NA
NA,NA
-102.552784,23.634501
NA,NA
-82.9987942,39.9611755
-99.9018131,31.9685988
NA,NA
NA,NA
-97.246859,32.814994
-92.6822459,30.0231636
NA,NA
-79.3831843,43.653226
NA,NA
-95.712891,37.09024
NA,NA
-74.3917315,40.4241834
-71.0588801,42.3600825
NA,NA
NA,NA
-106.346771,56.130366
-81.0729922,34.009949
-78.8783689,42.8864468
-97.092877,35.0077519
NA,NA
-122.3320708,47.6062095
NA,NA
NA,NA
-75.1652215,39.9525839
NA,NA
-85.6023643,44.3148443
-99.9018131,31.9685988
NA,NA
NA,NA
NA,NA
-82.907123,40.4172871
-121.7405167,38.5449065
NA,NA
-74.0059728,40.7127753
-77.2651592,38.6262579
-95.712891,37.09024
NA,NA
-102.4107493,34.2331373
-77.297508,18.109581
-118.2436849,34.0522342
-82.907123,40.4172871
-82.5492999,35.8264981
-90.1848103,32.2987573
-84.9877094,32.4609764
-121.6555013,36.6777372
-74.1502007,40.5795317
NA,NA
NA,NA
NA,NA
NA,NA
NA,NA
-104.990251,39.7392358
-73.9839485,40.7422349
-85.323214,51.253775
-95.712891,37.09024
-90.6298922,38.7874699
-92.0198427,30.2240897
-74.1502007,40.5795317
NA,NA
NA,NA
NA,NA
NA,NA
NA,NA
-93.7121656,41.6266555
NA,NA
-86.902298,32.3182314
NA,NA
NA,NA
NA,NA
-122.6764815,45.5230622
NA,NA
NA,NA
-82.9000751,32.1656221
NA,NA
NA,NA
-74.1502007,40.5795317
-97.7430608,30.267153
-81.5190053,41.0814447
NA,NA
NA,NA
-118.3812562,34.187044
-95.3698028,29.7604267
-106.6055534,35.0853336
-82.5306527,27.3364347
-80.769398,41.0964729
-77.4146876,42.7481821
-82.5514869,35.5950581
NA,NA
NA,NA
NA,NA
NA,NA
NA,NA
-97.229298,32.9341893
-104.990251,39.7392358
-95.3698028,29.7604267
-72.9492703,41.6717648
NA,NA
NA,NA
NA,NA
-119.1770516,34.1975048
-95.712891,37.09024
NA,NA
NA,NA
-85.6680863,42.9633599
-119.4179324,36.778261
NA,NA
NA,NA
NA,NA
NA,NA
NA,NA
-111.8910474,40.7607793
NA,NA
-76.6412712,39.0457549
NA,NA
-104.990251,39.7392358
NA,NA
-118.2436849,34.0522342
-106.2800242,43.4113604
-119.4179324,36.778261
-81.3578859,41.1536674
NA,NA
-78.8783689,42.8864468
NA,NA
-76.6121893,39.2903848
-96.6397822,33.1972465
NA,NA
NA,NA
NA,NA
NA,NA
NA,NA
NA,NA
-97.7430608,30.267153
NA,NA
NA,NA
NA,NA
-115.1398296,36.1699412
-123.3656444,48.4284207
NA,NA
NA,NA
-118.2436849,34.0522342
NA,NA
NA,NA
NA,NA
NA,NA
NA,NA
-82.345189,27.4799195
-104.8213634,38.8338816
NA,NA
NA,NA
NA,NA
-86.7816016,36.1626638
NA,NA
-77.0368707,38.9071923
-81.6943605,41.49932
-43.0637646,-22.8272883
-95.712891,37.09024
-118.1937395,33.7700504
-79.9958864,40.4406248
NA,NA
-66.590149,18.220833
NA,NA
NA,NA
-97.1383744,49.895136
NA,NA
NA,NA
-74.0229173,41.0467635
-122.4194155,37.7749295
NA,NA
-95.9979883,41.2523634
NA,NA
-116.419389,34.9592083
-74.4056612,40.0583238
NA,NA
-82.8793446,40.0192307
-111.9260519,33.4941704
NA,NA
-118.3531311,33.9616801
NA,NA
-74.4056612,40.0583238
NA,NA
-88.7878678,43.7844397
NA,NA
-94.6858998,46.729553
-118.5360172,34.0442596
NA,NA
NA,NA
-95.712891,37.09024
-74.0311241,40.9036003
-122.3320708,47.6062095
NA,NA
-103.3496092,20.6596988
128.7766959,37.8770782
-117.8311428,33.7174708
-99.9018131,31.9685988
-118.2436849,34.0522342
-77.0368707,38.9071923
-86.3953756,35.8520524
NA,NA
-119.5270734,36.6116174
NA,NA
NA,NA
-99.9018131,31.9685988
NA,NA
-119.8138027,39.5296329
-95.712891,37.09024
NA,NA
NA,NA
-73.8875746,40.8555564
-80.0728201,26.4614625
-84.5120196,39.1031182
NA,NA
NA,NA
NA,NA
NA,NA
-117.1610838,32.715738
NA,NA
NA,NA
-77.0368707,38.9071923
-104.990251,39.7392358
-120.7401385,47.7510741
NA,NA
-84.5037164,38.0405837
-82.907123,40.4172871
-81.6943605,41.49932
-75.1652215,39.9525839
NA,NA
-76.7913558,42.9187636
NA,NA
-79.9958864,40.4406248
-86.5804473,35.5174913
-95.6349463,29.6196787
-90.0715323,29.9510658
-82.907123,40.4172871
NA,NA
-122.53668,45.5031358
-85.1393513,41.079273
NA,NA
NA,NA
NA,NA
NA,NA
-122.2711137,37.8043637
-84.3852819,33.753068
NA,NA
-87.6297982,41.8781136
NA,NA
-104.990251,39.7392358
-74.9322596,40.2283371
NA,NA
-79.0192997,35.7595731
-82.907123,40.4172871
-79.9414266,37.2709704
-76.9455296,38.8140024
-74.0059728,40.7127753
-80.6217341,35.4873613
NA,NA
-84.4907621,34.2367621
NA,NA
-95.3698028,29.7604267
NA,NA
-96.7969879,32.7766642
NA,NA
NA,NA
NA,NA
-118.2436849,34.0522342
-74.0059728,40.7127753
NA,NA
-87.9064736,43.0389025
-122.2913078,37.8271784
NA,NA
-75.1652215,39.9525839
-118.2436849,34.0522342
-118.2436849,34.0522342
-118.2436849,34.0522342
NA,NA
-85.7584557,38.2526647
NA,NA
-75.6971931,45.4215296
NA,NA
NA,NA
-2.2426305,53.4807593
-122.6764815,45.5230622
NA,NA
NA,NA
-104.990251,39.7392358
NA,NA
NA,NA
-89.3985283,32.3546679
NA,NA
-122.4194155,37.7749295
NA,NA
NA,NA
-79.0192997,35.7595731
NA,NA
-98.4936282,29.4241219
-82.3940104,34.8526176
NA,NA
-93.6091064,41.6005448
NA,NA
-97.4780954,35.6528323
-105.084423,40.5852602
-84.2700179,37.8393332
NA,NA
-79.0192997,35.7595731
-119.4179324,36.778261
NA,NA
-97.7430608,30.267153
-118.2436849,34.0522342
-76.94416,39.60183
NA,NA
-82.911888,34.143101
-117.9189742,33.8120918
NA,NA
-114.3224548,34.483901
-118.2436849,34.0522342
-94.6858998,46.729553
NA,NA
NA,NA
-95.8497219,68.6355559
-105.0874842,39.8027644
NA,NA
-96.4003069,42.4999942
-96.4003069,42.4999942
-119.4179324,36.778261
NA,NA
-118.2436849,34.0522342
-91.9623327,30.9842977
NA,NA
-70.6692655,-33.4488897
-76.5660529,42.9317335
-98.4959969,29.4457849
-74.4056612,40.0583238
NA,NA
-74.0059728,40.7127753
-82.9987942,39.9611755
NA,NA
NA,NA
-97.3289768,37.6853007
-81.7328567,28.0222435
-119.4179324,36.778261
-101.2922906,48.2329668
-95.712891,37.09024
-73.9712488,40.7830603
-89.3985283,40.6331249
-111.4979729,40.6460622
NA,NA
NA,NA
NA,NA
-75.6971931,45.4215296
NA,NA
